district,lease_no,well_no,api8,county,horizontal_permit_match,wellbore_shutin_month,well_shutin_month,operator_no,field_no,first_prod_month,last_prod_month,lease_name,operator_name,field_name,well_count_on_lease,history_months,single_well_lease,first_prod_in_window,history_at_least_18_months,candidate_pass,completion_match_count,approved_completion_match_count,preferred_completion_status,preferred_completion_source,formation_records,production_interval_records,amount_material_records,interval_top_md_ft,interval_bottom_md_ft,interval_length_proxy_ft,final_control_failures,interval_distance_from_10000_ft,cohort_decision,cohort_reason,cohort_exclusion_codes,selection_rank
10,57694,108H,31744063,MARTIN,True,000000,000000,665748,85280300,202204,202606,EPLEY-MARTIN 31H,"PIONEER NATURAL RES. USA, INC.",SPRABERRY (TREND AREA),1,51,True,True,True,True,1,1,Approved,02-06-2023.zip,"W-2 Formation Data{282750{385143{444350{1{SANTA ROSA{1241.0{1241.0{Y{ESTIMATED DEPTH{Y || W-2 Formation Data{282750{385143{444350{2{YATES{2636.0{2650.0{Y{{Y || W-2 Formation Data{282750{385143{444350{3{QUEEN{3470.0{3516.0{Y{{Y || W-2 Formation Data{282750{385143{444350{4{GRAYBURG{3919.0{3982.0{Y{{Y || W-2 Formation Data{282750{385143{444350{5{SAN ANDRES - ACTIVE CO2 FLOOD; HIGH FLOWS; H2S; CO{4134.0{4216.0{Y{{Y || W-2 Formation Data{282750{385143{444350{6{SPRABERRY{7562.0{7733.0{Y{{Y || W-2 Formation Data{282750{385143{444350{7{DEAN{{{N{DID NOT ENCOUNTER, WELL IS NOT DEEP ENOUGH{N || W-2 Formation Data{282750{385143{444350{8{WOLFCAMP{{{N{DID NOT ENCOUNTER, DOES NOT EXIST IN THIS AREA{N || W-2 Formation Data{282750{385143{444350{9{CISCO{{{N{DID NOT ENCOUNTER, WELL IS NOT DEEP ENOUGH{N || W-2 Formation Data{282750{385143{444350{10{PENNSYLVANIAN{{{N{DID NOT ENCOUNTER, WELL IS NOT DEEP ENOUGH{N || W-2 Formation Data{282750{385143{444350{11{STRAWN{{{N{DID NOT ENCOUNTER, WELL IS NOT DEEP ENOUGH{N || W-2 Formation Data{282750{385143{444350{12{MISSISSIPPIAN{{{N{DID NOT ENCOUNTER, WELL IS NOT DEEP ENOUGH{N || W-2 Formation Data{282750{385143{444350{13{DEVONIAN{{{N{DID NOT ENCOUNTER, WELL IS NOT DEEP ENOUGH{N || W-2 Formation Data{282750{385143{444350{14{SILURIAN{{{N{DID NOT ENCOUNTER, WELL IS NOT DEEP ENOUGH{N || W-2 Formation Data{282750{385143{444350{15{FUSSELMAN{{{N{DID NOT ENCOUNTER, WELL IS NOT DEEP ENOUGH{N || W-2 Formation Data{282750{385143{444350{16{ELLENBURGER{{{N{DID NOT ENCOUNTER, WELL IS NOT DEEP ENOUGH{N || W-2 Formation Data{282750{385143{444350{17{PRECAMBRIAN (UNDIFFERENTIATED){{{N{DID NOT ENCOUNTER, WELL IS NOT DEEP ENOUGH{N",W-2 Production Interval Data{282750{385143{444350{1{8204{18185{2{1{N,W-2 Amount And Material Data{282750{385143{444350{1{8204.0{18185.0{SEE FRAC FOCUS{2,8204.0,18185.0,9981.0,,19.0,INCLUDE,"Pioneer; Spraberry Trend Area; approved completion; single-well lease; horizontal permit; 2022-2023 first production; interval proxy closest to 10,000 ft",,1
10,57845,106H,31744052,MARTIN,True,000000,000000,665748,85280300,202209,202606,EPLEY-MARTIN 31F,"PIONEER NATURAL RES. USA, INC.",SPRABERRY (TREND AREA),1,46,True,True,True,True,1,1,Approved,01-20-2023.zip,W-2 Formation Data{281207{384828{441854{1{SANTA ROSA{1231.0{1231.0{Y{ESTIMATED{Y || W-2 Formation Data{281207{384828{441854{2{YATES{2648.0{2652.0{Y{{Y || W-2 Formation Data{281207{384828{441854{3{QUEEN{3484.0{3494.0{Y{{Y || W-2 Formation Data{281207{384828{441854{4{GRAYBURG{3935.0{3948.0{Y{{Y || W-2 Formation Data{281207{384828{441854{5{SAN ANDRES - ACTIVE CO2 FLOOD; HIGH FLOWS; H2S; CO{4156.0{4170.0{Y{{Y || W-2 Formation Data{281207{384828{441854{6{SPRABERRY{7562.0{7587.0{Y{{Y || W-2 Formation Data{281207{384828{441854{7{DEAN{{{N{BELOW TD{N || W-2 Formation Data{281207{384828{441854{8{WOLFCAMP{{{N{BELOW TD{N || W-2 Formation Data{281207{384828{441854{9{CISCO{{{N{BELOW TD{N || W-2 Formation Data{281207{384828{441854{10{PENNSYLVANIAN{{{N{BELOW TD{N || W-2 Formation Data{281207{384828{441854{11{STRAWN{{{N{BELOW TD{N || W-2 Formation Data{281207{384828{441854{12{MISSISSIPPIAN{{{N{BELOW TD{N || W-2 Formation Data{281207{384828{441854{13{DEVONIAN{{{N{BELOW TD{N || W-2 Formation Data{281207{384828{441854{14{SILURIAN{{{N{BELOW TD{N || W-2 Formation Data{281207{384828{441854{15{FUSSELMAN{{{N{BELOW TD{N || W-2 Formation Data{281207{384828{441854{16{ELLENBURGER{{{N{BELOW TD{N || W-2 Formation Data{281207{384828{441854{17{PRECAMBRIAN (UNDIFFERENTIATED){{{N{BELOW TD{N,W-2 Production Interval Data{281207{384828{441854{1{8829{18810{2{1{N,W-2 Amount And Material Data{281207{384828{441854{1{8829.0{18810.0{SEE FRAC FOCUS{2,8829.0,18810.0,9981.0,,19.0,INCLUDE,"Pioneer; Spraberry Trend Area; approved completion; single-well lease; horizontal permit; 2022-2023 first production; interval proxy closest to 10,000 ft",,2
10,57857,109H,31744064,MARTIN,True,000000,000000,665748,85280300,202209,202606,EPLEY-MARTIN 31I,"PIONEER NATURAL RES. USA, INC.",SPRABERRY (TREND AREA),1,46,True,True,True,True,1,1,Approved,02-06-2023.zip,"W-2 Formation Data{282796{385190{444351{1{SANTA ROSA{1241.0{1241.0{Y{ESTIMATED DEPTH{Y || W-2 Formation Data{282796{385190{444351{2{YATES{2638.0{2644.0{Y{{Y || W-2 Formation Data{282796{385190{444351{3{QUEEN{3466.0{3502.0{Y{{Y || W-2 Formation Data{282796{385190{444351{4{GRAYBURG{3917.0{3976.0{Y{{Y || W-2 Formation Data{282796{385190{444351{5{SAN ANDRES - ACTIVE CO2 FLOOD; HIGH FLOWS; H2S; CO{4140.0{4208.0{Y{{Y || W-2 Formation Data{282796{385190{444351{6{SPRABERRY{7557.0{7707.0{Y{{Y || W-2 Formation Data{282796{385190{444351{7{DEAN{{{N{DID NOT ENCOUNTER, WELL IS NOT DEEP ENOUGH{N || W-2 Formation Data{282796{385190{444351{8{WOLFCAMP{{{N{DID NOT ENCOUNTER, DOES NOT EXIST IN THIS AREA{N || W-2 Formation Data{282796{385190{444351{9{CISCO{{{N{DID NOT ENCOUNTER, WELL IS NOT DEEP ENOUGH{N || W-2 Formation Data{282796{385190{444351{10{PENNSYLVANIAN{{{N{DID NOT ENCOUNTER, WELL IS NOT DEEP ENOUGH{N || W-2 Formation Data{282796{385190{444351{11{STRAWN{{{N{DID NOT ENCOUNTER, WELL IS NOT DEEP ENOUGH{N || W-2 Formation Data{282796{385190{444351{12{MISSISSIPPIAN{{{N{DID NOT ENCOUNTER, WELL IS NOT DEEP ENOUGH{N || W-2 Formation Data{282796{385190{444351{13{DEVONIAN{{{N{DID NOT ENCOUNTER, WELL IS NOT DEEP ENOUGH{N || W-2 Formation Data{282796{385190{444351{14{SILURIAN{{{N{DID NOT ENCOUNTER, WELL IS NOT DEEP ENOUGH{N || W-2 Formation Data{282796{385190{444351{15{FUSSELMAN{{{N{DID NOT ENCOUNTER, WELL IS NOT DEEP ENOUGH{N || W-2 Formation Data{282796{385190{444351{16{ELLENBURGER{{{N{DID NOT ENCOUNTER, WELL IS NOT DEEP ENOUGH{N || W-2 Formation Data{282796{385190{444351{17{PRECAMBRIAN (UNDIFFERENTIATED){{{N{DID NOT ENCOUNTER, WELL IS NOT DEEP ENOUGH{N",W-2 Production Interval Data{282796{385190{444351{1{9415{19396{2{1{N,W-2 Amount And Material Data{282796{385190{444351{1{9415.0{19396.0{SEE FRAC FOCUS{2,9415.0,19396.0,9981.0,,19.0,INCLUDE,"Pioneer; Spraberry Trend Area; approved completion; single-well lease; horizontal permit; 2022-2023 first production; interval proxy closest to 10,000 ft",,3
10,59228,210H,31744056,MARTIN,True,000000,000000,665748,85280300,202212,202606,DAVIS-LACY 31J,"PIONEER NATURAL RES. USA, INC.",SPRABERRY (TREND AREA),1,43,True,True,True,True,1,1,Approved,01-30-2024.zip,"W-2 Formation Data{304681{412755{475932{1{SANTA ROSA{1223.0{1223.0{Y{ESTIMATED DEPTH{Y || W-2 Formation Data{304681{412755{475932{2{YATES{2614.0{2619.0{Y{{Y || W-2 Formation Data{304681{412755{475932{3{QUEEN{3443.0{3453.0{Y{{Y || W-2 Formation Data{304681{412755{475932{4{GRAYBURG{3894.0{3906.0{Y{{Y || W-2 Formation Data{304681{412755{475932{5{SAN ANDRES - ACTIVE CO2 FLOOD; HIGH FLOWS; H2S; CO{4107.0{4121.0{Y{{Y || W-2 Formation Data{304681{412755{475932{6{SPRABERRY{7535.0{7562.0{Y{{Y || W-2 Formation Data{304681{412755{475932{7{DEAN{{{N{DID NOT ENCOUNTER, WELL IS NOT DEEP ENOUGH{N || W-2 Formation Data{304681{412755{475932{8{WOLFCAMP{{{N{DID NOT ENCOUNTER, WELL IS NOT DEEP ENOUGH{N || W-2 Formation Data{304681{412755{475932{9{CISCO{{{N{DID NOT ENCOUNTER, WELL IS NOT DEEP ENOUGH{N || W-2 Formation Data{304681{412755{475932{10{PENNSYLVANIAN{{{N{DID NOT ENCOUNTER, WELL IS NOT DEEP ENOUGH{N || W-2 Formation Data{304681{412755{475932{11{STRAWN{{{N{DID NOT ENCOUNTER, WELL IS NOT DEEP ENOUGH{N || W-2 Formation Data{304681{412755{475932{12{MISSISSIPPIAN{{{N{DID NOT ENCOUNTER, WELL IS NOT DEEP ENOUGH{N || W-2 Formation Data{304681{412755{475932{13{DEVONIAN{{{N{DID NOT ENCOUNTER, WELL IS NOT DEEP ENOUGH{N || W-2 Formation Data{304681{412755{475932{14{SILURIAN{{{N{DID NOT ENCOUNTER, WELL IS NOT DEEP ENOUGH{N || W-2 Formation Data{304681{412755{475932{15{FUSSELMAN{{{N{DID NOT ENCOUNTER, WELL IS NOT DEEP ENOUGH{N || W-2 Formation Data{304681{412755{475932{16{ELLENBURGER{{{N{DID NOT ENCOUNTER, WELL IS NOT DEEP ENOUGH{N || W-2 Formation Data{304681{412755{475932{17{PRECAMBRIAN (UNDIFFERENTIATED){{{N{DID NOT ENCOUNTER, WELL IS NOT DEEP ENOUGH{N",W-2 Production Interval Data{304681{412755{475932{1{8785{18766{2{1{N,W-2 Amount And Material Data{304681{412755{475932{1{8785.0{18766.0{SEE FRAC FOCUS{2,8785.0,18766.0,9981.0,,19.0,INCLUDE,"Pioneer; Spraberry Trend Area; approved completion; single-well lease; horizontal permit; 2022-2023 first production; interval proxy closest to 10,000 ft",,4
10,59242,207H,31744059,MARTIN,True,000000,000000,665748,85280300,202301,202606,DAVIS-LACY 31G,"PIONEER NATURAL RES. USA, INC.",SPRABERRY (TREND AREA),1,42,True,True,True,True,1,1,Approved,01-30-2024.zip,"W-2 Formation Data{304625{412696{475836{1{SANTA ROSA{1223.0{1223.0{Y{ESTIMATED DEPTH{Y || W-2 Formation Data{304625{412696{475836{2{YATES{2615.0{2625.0{Y{{Y || W-2 Formation Data{304625{412696{475836{3{QUEEN{2446.0{2480.0{Y{{Y || W-2 Formation Data{304625{412696{475836{4{GRAYBURG{3899.0{3946.0{Y{{Y || W-2 Formation Data{304625{412696{475836{5{SAN ANDRES - ACTIVE CO2 FLOOD; HIGH FLOWS; H2S; CO{4118.0{4171.0{Y{{Y || W-2 Formation Data{304625{412696{475836{6{SPRABERRY{7541.0{7642.0{Y{{Y || W-2 Formation Data{304625{412696{475836{7{DEAN{8880.0{8982.0{Y{{Y || W-2 Formation Data{304625{412696{475836{8{WOLFCAMP{9096.0{9202.0{Y{{Y || W-2 Formation Data{304625{412696{475836{9{CISCO{{{N{DID NOT ENCOUNTER, WELL IS NOT DEEP ENOUGH{N || W-2 Formation Data{304625{412696{475836{10{PENNSYLVANIAN{{{N{DID NOT ENCOUNTER, WELL IS NOT DEEP ENOUGH{N || W-2 Formation Data{304625{412696{475836{11{STRAWN{{{N{DID NOT ENCOUNTER, WELL IS NOT DEEP ENOUGH{N || W-2 Formation Data{304625{412696{475836{12{MISSISSIPPIAN{{{N{DID NOT ENCOUNTER, WELL IS NOT DEEP ENOUGH{N || W-2 Formation Data{304625{412696{475836{13{DEVONIAN{{{N{DID NOT ENCOUNTER, WELL IS NOT DEEP ENOUGH{N || W-2 Formation Data{304625{412696{475836{14{SILURIAN{{{N{DID NOT ENCOUNTER, WELL IS NOT DEEP ENOUGH{N || W-2 Formation Data{304625{412696{475836{15{FUSSELMAN{{{N{DID NOT ENCOUNTER, WELL IS NOT DEEP ENOUGH{N || W-2 Formation Data{304625{412696{475836{16{ELLENBURGER{{{N{DID NOT ENCOUNTER, WELL IS NOT DEEP ENOUGH{N || W-2 Formation Data{304625{412696{475836{17{PRECAMBRIAN (UNDIFFERENTIATED){{{N{DID NOT ENCOUNTER, WELL IS NOT DEEP ENOUGH{N",W-2 Production Interval Data{304625{412696{475836{1{9656{19628{2{1{N,W-2 Amount And Material Data{304625{412696{475836{1{9656.0{19628.0{SEE FRAC FOCUS{2,9656.0,19628.0,9972.0,,28.0,INCLUDE,"Pioneer; Spraberry Trend Area; approved completion; single-well lease; horizontal permit; 2022-2023 first production; interval proxy closest to 10,000 ft",,5
10,59231,203H,31744070,MARTIN,True,000000,000000,665748,85280300,202301,202606,DAVIS-LACY 31C,"PIONEER NATURAL RES. USA, INC.",SPRABERRY (TREND AREA),1,42,True,True,True,True,1,1,Approved,01-30-2024.zip,"W-2 Formation Data{304522{412559{475645{1{SANTA ROSA{1227.0{1227.0{Y{ESTIMATED DEPTH{Y || W-2 Formation Data{304522{412559{475645{2{YATES{2634.0{2646.0{Y{{Y || W-2 Formation Data{304522{412559{475645{3{QUEEN{3471.0{3505.0{Y{{Y || W-2 Formation Data{304522{412559{475645{4{GRAYBURG{3914.0{3959.0{Y{{Y || W-2 Formation Data{304522{412559{475645{5{SAN ANDRES - ACTIVE CO2 FLOOD; HIGH FLOWS; H2S; CO{4136.0{4188.0{Y{{Y || W-2 Formation Data{304522{412559{475645{6{SPRABERRY{7564.0{7652.0{Y{{Y || W-2 Formation Data{304522{412559{475645{7{DEAN{{{N{DID NOT ENCOUNTER, WELL IS NOT DEEP ENOUGH{N || W-2 Formation Data{304522{412559{475645{8{WOLFCAMP{{{N{DID NOT ENCOUNTER, WELL IS NOT DEEP ENOUGH{N || W-2 Formation Data{304522{412559{475645{9{CISCO{{{N{DID NOT ENCOUNTER, WELL IS NOT DEEP ENOUGH{N || W-2 Formation Data{304522{412559{475645{10{PENNSYLVANIAN{{{N{DID NOT ENCOUNTER, WELL IS NOT DEEP ENOUGH{N || W-2 Formation Data{304522{412559{475645{11{STRAWN{{{N{DID NOT ENCOUNTER, WELL IS NOT DEEP ENOUGH{N || W-2 Formation Data{304522{412559{475645{12{MISSISSIPPIAN{{{N{DID NOT ENCOUNTER, WELL IS NOT DEEP ENOUGH{N || W-2 Formation Data{304522{412559{475645{13{DEVONIAN{{{N{DID NOT ENCOUNTER, WELL IS NOT DEEP ENOUGH{N || W-2 Formation Data{304522{412559{475645{14{SILURIAN{{{N{DID NOT ENCOUNTER, WELL IS NOT DEEP ENOUGH{N || W-2 Formation Data{304522{412559{475645{15{FUSSELMAN{{{N{DID NOT ENCOUNTER, WELL IS NOT DEEP ENOUGH{N || W-2 Formation Data{304522{412559{475645{16{ELLENBURGER{{{N{DID NOT ENCOUNTER, WELL IS NOT DEEP ENOUGH{N || W-2 Formation Data{304522{412559{475645{17{PRECAMBRIAN (UNDIFFERENTIATED){{{N{DID NOT ENCOUNTER, WELL IS NOT DEEP ENOUGH{N",W-2 Production Interval Data{304522{412559{475645{1{8816{18846{2{1{N,W-2 Amount And Material Data{304522{412559{475645{1{8816.0{18846.0{SEE FRAC FOCUS{2,8816.0,18846.0,10030.0,,30.0,INCLUDE,"Pioneer; Spraberry Trend Area; approved completion; single-well lease; horizontal permit; 2022-2023 first production; interval proxy closest to 10,000 ft",,6
10,59516,213H,31744782,MARTIN,True,000000,000000,665748,85280300,202303,202606,FORTUNE-ASHLEY 31M,"PIONEER NATURAL RES. USA, INC.",SPRABERRY (TREND AREA),1,40,True,True,True,True,1,1,Approved,02-05-2024.zip,"W-2 Formation Data{304704{412779{478154{1{SANTA ROSA{1224.0{1224.0{Y{ESTIMATED DEPTH{Y || W-2 Formation Data{304704{412779{478154{2{YATES{2603.0{2612.0{Y{{Y || W-2 Formation Data{304704{412779{478154{3{QUEEN{3432.0{3467.0{Y{{Y || W-2 Formation Data{304704{412779{478154{4{GRAYBURG{3874.0{3923.0{Y{{Y || W-2 Formation Data{304704{412779{478154{5{SAN ANDRES - ACTIVE CO2 FLOOD; HIGH FLOWS; H2S; CO{4083.0{4138.0{Y{{Y || W-2 Formation Data{304704{412779{478154{6{SPRABERRY{7518.0{7631.0{Y{{Y || W-2 Formation Data{304704{412779{478154{7{DEAN{8854.0{8967.0{Y{{Y || W-2 Formation Data{304704{412779{478154{8{WOLFCAMP{9075.0{9188.0{Y{{Y || W-2 Formation Data{304704{412779{478154{9{CISCO{{{N{DID NOT ENCOUNTER, WELL IS NOT DEEP ENOUGH{N || W-2 Formation Data{304704{412779{478154{10{PENNSYLVANIAN{{{N{DID NOT ENCOUNTER, WELL IS NOT DEEP ENOUGH{N || W-2 Formation Data{304704{412779{478154{11{STRAWN{{{N{DID NOT ENCOUNTER, WELL IS NOT DEEP ENOUGH{N || W-2 Formation Data{304704{412779{478154{12{MISSISSIPPIAN{{{N{DID NOT ENCOUNTER, WELL IS NOT DEEP ENOUGH{N || W-2 Formation Data{304704{412779{478154{13{DEVONIAN{{{N{DID NOT ENCOUNTER, WELL IS NOT DEEP ENOUGH{N || W-2 Formation Data{304704{412779{478154{14{SILURIAN{{{N{DID NOT ENCOUNTER, WELL IS NOT DEEP ENOUGH{N || W-2 Formation Data{304704{412779{478154{15{FUSSELMAN{{{N{DID NOT ENCOUNTER, WELL IS NOT DEEP ENOUGH{N || W-2 Formation Data{304704{412779{478154{16{ELLENBURGER{{{N{DID NOT ENCOUNTER, WELL IS NOT DEEP ENOUGH{N || W-2 Formation Data{304704{412779{478154{17{PRECAMBRIAN (UNDIFFERENTIATED){{{N{DID NOT ENCOUNTER, WELL IS NOT DEEP ENOUGH{N",W-2 Production Interval Data{304704{412779{478154{1{10550{20580{2{1{N,W-2 Amount And Material Data{304704{412779{478154{1{10550.0{20580.0{SEE FRAC FOCUS{2,10550.0,20580.0,10030.0,,30.0,INCLUDE,"Pioneer; Spraberry Trend Area; approved completion; single-well lease; horizontal permit; 2022-2023 first production; interval proxy closest to 10,000 ft",,7
10,56651,4H,31743171,MARTIN,True,000000,000000,665748,85280300,202201,202606,BOHANAN-BLOCKER 3B,"PIONEER NATURAL RES. USA, INC.",SPRABERRY (TREND AREA),1,54,True,True,True,True,2,1,Approved,02-10-2022.zip,W-2 Formation Data{260300{357680{409582{1{SANTA ROSA{1245.0{1245.0{Y{{Y || W-2 Formation Data{260300{357680{409582{2{YATES{2508.0{2516.0{Y{{Y || W-2 Formation Data{260300{357680{409582{3{QUEEN{{{N{NOT ENCOUNTERED{N || W-2 Formation Data{260300{357680{409582{4{GRAYBURG{3917.0{3943.0{Y{{Y || W-2 Formation Data{260300{357680{409582{5{SAN ANDRES - ACTIVE CO2 FLOOD; HIGH FLOWS; H2S; CO{4101.0{4129.0{Y{{Y || W-2 Formation Data{260300{357680{409582{6{SPRABERRY{7398.0{7445.0{Y{{Y || W-2 Formation Data{260300{357680{409582{7{DEAN{8698.0{8746.0{Y{{Y || W-2 Formation Data{260300{357680{409582{8{WOLFCAMP{8907.0{8968.0{Y{{Y || W-2 Formation Data{260300{357680{409582{9{CISCO{{{N{NOT DRILLED TO THIS DEPTH{N || W-2 Formation Data{260300{357680{409582{10{PENNSYLVANIAN{{{N{NOT DRILLED TO THIS DEPTH{N || W-2 Formation Data{260300{357680{409582{11{STRAWN{{{N{NOT DRILLED TO THIS DEPTH{N || W-2 Formation Data{260300{357680{409582{12{MISSISSIPPIAN{{{N{NOT DRILLED TO THIS DEPTH{N || W-2 Formation Data{260300{357680{409582{13{DEVONIAN{{{N{NOT DRILLED TO THIS DEPTH{N || W-2 Formation Data{260300{357680{409582{14{SILURIAN{{{N{NOT DRILLED TO THIS DEPTH{N || W-2 Formation Data{260300{357680{409582{15{FUSSELMAN{{{N{NOT DRILLED TO THIS DEPTH{N || W-2 Formation Data{260300{357680{409582{16{ELLENBURGER{{{N{NOT DRILLED TO THIS DEPTH{N || W-2 Formation Data{260300{357680{409582{17{PRECAMBRIAN (UNDIFFERENTIATED){{{N{NOT DRILLED TO THIS DEPTH{N,W-2 Production Interval Data{260300{357680{409582{1{9340{19376{2{1{N,W-2 Amount And Material Data{260300{357680{409582{1{9340.0{19376.0{SEE FRACFOCUS{2,9340.0,19376.0,10036.0,,36.0,INCLUDE,"Pioneer; Spraberry Trend Area; approved completion; single-well lease; horizontal permit; 2022-2023 first production; interval proxy closest to 10,000 ft",,8
10,59240,205H,31744068,MARTIN,True,000000,000000,665748,85280300,202302,202606,DAVIS-LACY 31E,"PIONEER NATURAL RES. USA, INC.",SPRABERRY (TREND AREA),1,41,True,True,True,True,1,1,Approved,01-30-2024.zip,"W-2 Formation Data{304586{412638{475735{1{SANTA ROSA{1227.0{1227.0{Y{ESTIMATED DEPTH{Y || W-2 Formation Data{304586{412638{475735{2{YATES{2633.0{2641.0{Y{{Y || W-2 Formation Data{304586{412638{475735{3{QUEEN{3472.0{3510.0{Y{{Y || W-2 Formation Data{304586{412638{475735{4{GRAYBURG{3923.0{3975.0{Y{{Y || W-2 Formation Data{304586{412638{475735{5{SAN ANDRES - ACTIVE CO2 FLOOD; HIGH FLOWS; H2S; CO{4139.0{4197.0{Y{{Y || W-2 Formation Data{304586{412638{475735{6{SPRABERRY{7550.0{7660.0{Y{{Y || W-2 Formation Data{304586{412638{475735{7{DEAN{8887.0{9013.0{Y{{Y || W-2 Formation Data{304586{412638{475735{8{WOLFCAMP{9108.0{9344.0{Y{{Y || W-2 Formation Data{304586{412638{475735{9{CISCO{{{N{DID NOT ENCOUNTER, WELL IS NOT DEEP ENOUGH{N || W-2 Formation Data{304586{412638{475735{10{PENNSYLVANIAN{{{N{DID NOT ENCOUNTER, WELL IS NOT DEEP ENOUGH{N || W-2 Formation Data{304586{412638{475735{11{STRAWN{{{N{DID NOT ENCOUNTER, WELL IS NOT DEEP ENOUGH{N || W-2 Formation Data{304586{412638{475735{12{MISSISSIPPIAN{{{N{DID NOT ENCOUNTER, WELL IS NOT DEEP ENOUGH{N || W-2 Formation Data{304586{412638{475735{13{DEVONIAN{{{N{DID NOT ENCOUNTER, WELL IS NOT DEEP ENOUGH{N || W-2 Formation Data{304586{412638{475735{14{SILURIAN{{{N{DID NOT ENCOUNTER, WELL IS NOT DEEP ENOUGH{N || W-2 Formation Data{304586{412638{475735{15{FUSSELMAN{{{N{DID NOT ENCOUNTER, WELL IS NOT DEEP ENOUGH{N || W-2 Formation Data{304586{412638{475735{16{ELLENBURGER{{{N{DID NOT ENCOUNTER, WELL IS NOT DEEP ENOUGH{N || W-2 Formation Data{304586{412638{475735{17{PRECAMBRIAN (UNDIFFERENTIATED){{{N{DID NOT ENCOUNTER, WELL IS NOT DEEP ENOUGH{N",W-2 Production Interval Data{304586{412638{475735{1{9253{19292{2{1{N,W-2 Amount And Material Data{304586{412638{475735{1{9253.0{19292.0{SEE FRAC FOCUS{2,9253.0,19292.0,10039.0,,39.0,INCLUDE,"Pioneer; Spraberry Trend Area; approved completion; single-well lease; horizontal permit; 2022-2023 first production; interval proxy closest to 10,000 ft",,9
10,59221,211H,31744055,MARTIN,True,000000,000000,665748,85280300,202212,202606,DAVIS-LACY 31K,"PIONEER NATURAL RES. USA, INC.",SPRABERRY (TREND AREA),1,43,True,True,True,True,1,1,Approved,01-30-2024.zip,"W-2 Formation Data{304686{412760{475939{1{SANTA ROSA{1223.0{1223.0{Y{{Y || W-2 Formation Data{304686{412760{475939{2{YATES{2605.0{2608.0{Y{{Y || W-2 Formation Data{304686{412760{475939{3{QUEEN{3438.0{3443.0{Y{{Y || W-2 Formation Data{304686{412760{475939{4{GRAYBURG{3886.0{3893.0{Y{{Y || W-2 Formation Data{304686{412760{475939{5{SAN ANDRES - ACTIVE CO2 FLOOD; HIGH FLOWS; H2S; CO{4104.0{4111.0{Y{{Y || W-2 Formation Data{304686{412760{475939{6{SPRABERRY{7529.0{7537.0{Y{{Y || W-2 Formation Data{304686{412760{475939{7{DEAN{{{N{DID NOT ENCOUNTER, WELL IS NOT DEEP ENOUGH{N || W-2 Formation Data{304686{412760{475939{8{WOLFCAMP{{{N{DID NOT ENCOUNTER, WELL IS NOT DEEP ENOUGH{N || W-2 Formation Data{304686{412760{475939{9{CISCO{{{N{DID NOT ENCOUNTER, WELL IS NOT DEEP ENOUGH{N || W-2 Formation Data{304686{412760{475939{10{PENNSYLVANIAN{{{N{DID NOT ENCOUNTER, WELL IS NOT DEEP ENOUGH{N || W-2 Formation Data{304686{412760{475939{11{STRAWN{{{N{DID NOT ENCOUNTER, WELL IS NOT DEEP ENOUGH{N || W-2 Formation Data{304686{412760{475939{12{MISSISSIPPIAN{{{N{DID NOT ENCOUNTER, WELL IS NOT DEEP ENOUGH{N || W-2 Formation Data{304686{412760{475939{13{DEVONIAN{{{N{DID NOT ENCOUNTER, WELL IS NOT DEEP ENOUGH{N || W-2 Formation Data{304686{412760{475939{14{SILURIAN{{{N{DID NOT ENCOUNTER, WELL IS NOT DEEP ENOUGH{N || W-2 Formation Data{304686{412760{475939{15{FUSSELMAN{{{N{DID NOT ENCOUNTER, WELL IS NOT DEEP ENOUGH{N || W-2 Formation Data{304686{412760{475939{16{ELLENBURGER{{{N{DID NOT ENCOUNTER, WELL IS NOT DEEP ENOUGH{N || W-2 Formation Data{304686{412760{475939{17{PRECAMBRIAN (UNDIFFERENTIATED){{{N{DID NOT ENCOUNTER, WELL IS NOT DEEP ENOUGH{N",W-2 Production Interval Data{304686{412760{475939{1{8436{18375{2{1{N,W-2 Amount And Material Data{304686{412760{475939{1{8436.0{18375.0{SEE FRAC FOCUS{2,8436.0,18375.0,9939.0,,61.0,INCLUDE,"Pioneer; Spraberry Trend Area; approved completion; single-well lease; horizontal permit; 2022-2023 first production; interval proxy closest to 10,000 ft",,10
10,58484,201H,31744072,MARTIN,True,000000,000000,665748,85280300,202210,202606,DAVIS-LACY 31A,"PIONEER NATURAL RES. USA, INC.",SPRABERRY (TREND AREA),1,45,True,True,True,True,1,1,Approved,02-07-2024.zip,"W-2 Formation Data{304495{417794{481810{1{SANTA ROSA{1227.0{1227.0{Y{ESTIMATED DEPTH{Y || W-2 Formation Data{304495{417794{481810{2{YATES{2633.0{2645.0{Y{{Y || W-2 Formation Data{304495{417794{481810{3{QUEEN{3467.0{3499.0{Y{{Y || W-2 Formation Data{304495{417794{481810{4{GRAYBURG{3914.0{3954.0{Y{{Y || W-2 Formation Data{304495{417794{481810{5{SAN ANDRES - ACTIVE CO2 FLOOD; HIGH FLOWS; H2S; CO{4137.0{4180.0{Y{{Y || W-2 Formation Data{304495{417794{481810{6{SPRABERRY{7559.0{7630.0{Y{{Y || W-2 Formation Data{304495{417794{481810{7{DEAN{8903.0{8974.0{Y{{Y || W-2 Formation Data{304495{417794{481810{8{WOLFCAMP{9115.0{9193.0{Y{{Y || W-2 Formation Data{304495{417794{481810{9{CISCO{{{N{DID NOT ENCOUNTER, WELL IS NOT DEEP ENOUGH{N || W-2 Formation Data{304495{417794{481810{10{PENNSYLVANIAN{{{N{DID NOT ENCOUNTER, WELL IS NOT DEEP ENOUGH{N || W-2 Formation Data{304495{417794{481810{11{STRAWN{{{N{DID NOT ENCOUNTER, WELL IS NOT DEEP ENOUGH{N || W-2 Formation Data{304495{417794{481810{12{MISSISSIPPIAN{{{N{DID NOT ENCOUNTER, WELL IS NOT DEEP ENOUGH{N || W-2 Formation Data{304495{417794{481810{13{DEVONIAN{{{N{DID NOT ENCOUNTER, WELL IS NOT DEEP ENOUGH{N || W-2 Formation Data{304495{417794{481810{14{SILURIAN{{{N{DID NOT ENCOUNTER, WELL IS NOT DEEP ENOUGH{N || W-2 Formation Data{304495{417794{481810{15{FUSSELMAN{{{N{DID NOT ENCOUNTER, WELL IS NOT DEEP ENOUGH{N || W-2 Formation Data{304495{417794{481810{16{ELLENBURGER{{{N{DID NOT ENCOUNTER, WELL IS NOT DEEP ENOUGH{N || W-2 Formation Data{304495{417794{481810{17{PRECAMBRIAN (UNDIFFERENTIATED){{{N{DID NOT ENCOUNTER, WELL IS NOT DEEP ENOUGH{N",W-2 Production Interval Data{304495{417794{481810{1{9504{19571{2{1{N,W-2 Amount And Material Data{304495{417794{481810{1{9504.0{19571.0{SEE FRAC FOCUS{2,9504.0,19571.0,10067.0,,67.0,INCLUDE,"Pioneer; Spraberry Trend Area; approved completion; single-well lease; horizontal permit; 2022-2023 first production; interval proxy closest to 10,000 ft",,11
10,59229,209H,31744057,MARTIN,True,000000,000000,665748,85280300,202301,202606,DAVIS-LACY 31I,"PIONEER NATURAL RES. USA, INC.",SPRABERRY (TREND AREA),1,42,True,True,True,True,1,1,Approved,01-30-2024.zip,"W-2 Formation Data{304669{412742{475904{1{SANTA ROSA{1223.0{1223.0{Y{ESTIMATED DEPTH{Y || W-2 Formation Data{304669{412742{475904{2{YATES{2604.0{2611.0{Y{{Y || W-2 Formation Data{304669{412742{475904{3{QUEEN{3452.0{3455.0{Y{{Y || W-2 Formation Data{304669{412742{475904{4{GRAYBURG{3897.0{3924.0{Y{{Y || W-2 Formation Data{304669{412742{475904{5{SAN ANDRES - ACTIVE CO2 FLOOD; HIGH FLOWS; H2S; CO{4108.0{4137.0{Y{{Y || W-2 Formation Data{304669{412742{475904{6{SPRABERRY{7535.0{7574.0{Y{{Y || W-2 Formation Data{304669{412742{475904{7{DEAN{8875.0{8919.0{Y{{Y || W-2 Formation Data{304669{412742{475904{8{WOLFCAMP{{{N{DID NOT ENCOUNTER, WELL IS NOT DEEP ENOUGH{N || W-2 Formation Data{304669{412742{475904{9{CISCO{{{N{DID NOT ENCOUNTER, WELL IS NOT DEEP ENOUGH{N || W-2 Formation Data{304669{412742{475904{10{PENNSYLVANIAN{{{N{DID NOT ENCOUNTER, WELL IS NOT DEEP ENOUGH{N || W-2 Formation Data{304669{412742{475904{11{STRAWN{{{N{DID NOT ENCOUNTER, WELL IS NOT DEEP ENOUGH{N || W-2 Formation Data{304669{412742{475904{12{MISSISSIPPIAN{{{N{DID NOT ENCOUNTER, WELL IS NOT DEEP ENOUGH{N || W-2 Formation Data{304669{412742{475904{13{DEVONIAN{{{N{DID NOT ENCOUNTER, WELL IS NOT DEEP ENOUGH{N || W-2 Formation Data{304669{412742{475904{14{SILURIAN{{{N{DID NOT ENCOUNTER, WELL IS NOT DEEP ENOUGH{N || W-2 Formation Data{304669{412742{475904{15{FUSSELMAN{{{N{DID NOT ENCOUNTER, WELL IS NOT DEEP ENOUGH{N || W-2 Formation Data{304669{412742{475904{16{ELLENBURGER{{{N{DID NOT ENCOUNTER, WELL IS NOT DEEP ENOUGH{N || W-2 Formation Data{304669{412742{475904{17{PRECAMBRIAN (UNDIFFERENTIATED){{{N{DID NOT ENCOUNTER, WELL IS NOT DEEP ENOUGH{N",W-2 Production Interval Data{304669{412742{475904{1{9250{19317{2{1{N,W-2 Amount And Material Data{304669{412742{475904{1{9250.0{19317.0{SEE FRAC FOCUS{2,9250.0,19317.0,10067.0,,67.0,INCLUDE,"Pioneer; Spraberry Trend Area; approved completion; single-well lease; horizontal permit; 2022-2023 first production; interval proxy closest to 10,000 ft",,12
10,59243,212H,31744407,MARTIN,True,000000,000000,665748,85280300,202302,202606,DAVIS-LACY 31L,"PIONEER NATURAL RES. USA, INC.",SPRABERRY (TREND AREA),1,41,True,True,True,True,1,1,Approved,01-30-2024.zip,"W-2 Formation Data{304690{412764{475948{1{SANTA ROSA{1223.0{1223.0{Y{ESTIMATED DEPTH{Y || W-2 Formation Data{304690{412764{475948{2{YATES{2612.0{2612.0{Y{{Y || W-2 Formation Data{304690{412764{475948{3{QUEEN{3435.0{3436.0{Y{{Y || W-2 Formation Data{304690{412764{475948{4{GRAYBURG{3884.0{3888.0{Y{{Y || W-2 Formation Data{304690{412764{475948{5{SAN ANDRES - ACTIVE CO2 FLOOD; HIGH FLOWS; H2S; CO{4103.0{4107.0{Y{{Y || W-2 Formation Data{304690{412764{475948{6{SPRABERRY{7526.0{7535.0{Y{{Y || W-2 Formation Data{304690{412764{475948{7{DEAN{8875.0{8886.0{Y{{Y || W-2 Formation Data{304690{412764{475948{8{WOLFCAMP{9082.0{9099.0{Y{{Y || W-2 Formation Data{304690{412764{475948{9{CISCO{{{N{DID NOT ENCOUNTER, WELL IS NOT DEEP ENOUGH{N || W-2 Formation Data{304690{412764{475948{10{PENNSYLVANIAN{{{N{DID NOT ENCOUNTER, WELL IS NOT DEEP ENOUGH{N || W-2 Formation Data{304690{412764{475948{11{STRAWN{{{N{DID NOT ENCOUNTER, WELL IS NOT DEEP ENOUGH{N || W-2 Formation Data{304690{412764{475948{12{MISSISSIPPIAN{{{N{DID NOT ENCOUNTER, WELL IS NOT DEEP ENOUGH{N || W-2 Formation Data{304690{412764{475948{13{DEVONIAN{{{N{DID NOT ENCOUNTER, WELL IS NOT DEEP ENOUGH{N || W-2 Formation Data{304690{412764{475948{14{SILURIAN{{{N{DID NOT ENCOUNTER, WELL IS NOT DEEP ENOUGH{N || W-2 Formation Data{304690{412764{475948{15{FUSSELMAN{{{N{DID NOT ENCOUNTER, WELL IS NOT DEEP ENOUGH{N || W-2 Formation Data{304690{412764{475948{16{ELLENBURGER{{{N{DID NOT ENCOUNTER, WELL IS NOT DEEP ENOUGH{N || W-2 Formation Data{304690{412764{475948{17{PRECAMBRIAN (UNDIFFERENTIATED){{{N{DID NOT ENCOUNTER, WELL IS NOT DEEP ENOUGH{N",W-2 Production Interval Data{304690{412764{475948{1{9436{19503{2{1{N,W-2 Amount And Material Data{304690{412764{475948{1{9436.0{19503.0{SEE FRAC FOCUS{2,9436.0,19503.0,10067.0,,67.0,INCLUDE,"Pioneer; Spraberry Trend Area; approved completion; single-well lease; horizontal permit; 2022-2023 first production; interval proxy closest to 10,000 ft",,13
10,58930,208H,31744058,MARTIN,True,000000,000000,665748,85280300,202211,202606,DAVIS-LACY 31H,"PIONEER NATURAL RES. USA, INC.",SPRABERRY (TREND AREA),1,44,True,True,True,True,1,1,Approved,01-30-2024.zip,"W-2 Formation Data{304660{412732{475890{1{SANTA ROSA{1223.0{1223.0{Y{ESTIMATED DEPTH{Y || W-2 Formation Data{304660{412732{475890{2{YATES{2603.0{2607.0{Y{{Y || W-2 Formation Data{304660{412732{475890{3{QUEEN{3451.0{3459.0{Y{{Y || W-2 Formation Data{304660{412732{475890{4{GRAYBURG{3904.0{3916.0{Y{{Y || W-2 Formation Data{304660{412732{475890{5{SAN ANDRES - ACTIVE CO2 FLOOD; HIGH FLOWS; H2S; CO{4110.0{4124.0{Y{{Y || W-2 Formation Data{304660{412732{475890{6{SPRABERRY{7545.0{7567.0{Y{{Y || W-2 Formation Data{304660{412732{475890{7{DEAN{{{N{DID NOT ENCOUNTER, WELL IS NOT DEEP ENOUGH{N || W-2 Formation Data{304660{412732{475890{8{WOLFCAMP{{{N{DID NOT ENCOUNTER, WELL IS NOT DEEP ENOUGH{N || W-2 Formation Data{304660{412732{475890{9{CISCO{{{N{DID NOT ENCOUNTER, WELL IS NOT DEEP ENOUGH{N || W-2 Formation Data{304660{412732{475890{10{PENNSYLVANIAN{{{N{DID NOT ENCOUNTER, WELL IS NOT DEEP ENOUGH{N || W-2 Formation Data{304660{412732{475890{11{STRAWN{{{N{DID NOT ENCOUNTER, WELL IS NOT DEEP ENOUGH{N || W-2 Formation Data{304660{412732{475890{12{MISSISSIPPIAN{{{N{DID NOT ENCOUNTER, WELL IS NOT DEEP ENOUGH{N || W-2 Formation Data{304660{412732{475890{13{DEVONIAN{{{N{DID NOT ENCOUNTER, WELL IS NOT DEEP ENOUGH{N || W-2 Formation Data{304660{412732{475890{14{SILURIAN{{{N{DID NOT ENCOUNTER, WELL IS NOT DEEP ENOUGH{N || W-2 Formation Data{304660{412732{475890{15{FUSSELMAN{{{N{DID NOT ENCOUNTER, WELL IS NOT DEEP ENOUGH{N || W-2 Formation Data{304660{412732{475890{16{ELLENBURGER{{{N{DID NOT ENCOUNTER, WELL IS NOT DEEP ENOUGH{N || W-2 Formation Data{304660{412732{475890{17{PRECAMBRIAN (UNDIFFERENTIATED){{{N{DID NOT ENCOUNTER, WELL IS NOT DEEP ENOUGH{N",W-2 Production Interval Data{304660{412732{475890{1{8001{17933{2{1{N,W-2 Amount And Material Data{304660{412732{475890{1{8001.0{17933.0{SEE FRAC FOCUS{2,8001.0,17933.0,9932.0,,68.0,INCLUDE,"Pioneer; Spraberry Trend Area; approved completion; single-well lease; horizontal permit; 2022-2023 first production; interval proxy closest to 10,000 ft",,14
10,57708,103H,31744061,MARTIN,True,000000,000000,665748,85280300,202203,202606,EPLEY-MARTIN 31C,"PIONEER NATURAL RES. USA, INC.",SPRABERRY (TREND AREA),1,52,True,True,True,True,1,1,Approved,02-03-2023.zip,"W-2 Formation Data{282659{385042{444122{1{SANTA ROSA{1231.0{1231.0{Y{ESTIMATED DEPTH{Y || W-2 Formation Data{282659{385042{444122{2{YATES{2653.0{2662.0{Y{{Y || W-2 Formation Data{282659{385042{444122{3{QUEEN{3489.0{3514.0{Y{{Y || W-2 Formation Data{282659{385042{444122{4{GRAYBURG{3929.0{3961.0{Y{{Y || W-2 Formation Data{282659{385042{444122{5{SAN ANDRES - ACTIVE CO2 FLOOD; HIGH FLOWS; H2S; CO{4151.0{4186.0{Y{{Y || W-2 Formation Data{282659{385042{444122{6{SPRABERRY{7579.0{7652.0{Y{{Y || W-2 Formation Data{282659{385042{444122{7{DEAN{8902.0{8985.0{Y{{Y || W-2 Formation Data{282659{385042{444122{8{WOLFCAMP{9121.0{9241.0{Y{{Y || W-2 Formation Data{282659{385042{444122{9{CISCO{{{N{DID NOT ENCOUNTER, WELL IS NOT DEEP ENOUGH{N || W-2 Formation Data{282659{385042{444122{10{PENNSYLVANIAN{{{N{DID NOT ENCOUNTER, WELL IS NOT DEEP ENOUGH{N || W-2 Formation Data{282659{385042{444122{11{STRAWN{{{N{DID NOT ENCOUNTER, WELL IS NOT DEEP ENOUGH{N || W-2 Formation Data{282659{385042{444122{12{MISSISSIPPIAN{{{N{DID NOT ENCOUNTER, WELL IS NOT DEEP ENOUGH{N || W-2 Formation Data{282659{385042{444122{13{DEVONIAN{{{N{DID NOT ENCOUNTER, WELL IS NOT DEEP ENOUGH{N || W-2 Formation Data{282659{385042{444122{14{SILURIAN{{{N{DID NOT ENCOUNTER, WELL IS NOT DEEP ENOUGH{N || W-2 Formation Data{282659{385042{444122{15{FUSSELMAN{{{N{DID NOT ENCOUNTER, WELL IS NOT DEEP ENOUGH{N || W-2 Formation Data{282659{385042{444122{16{ELLENBURGER{{{N{DID NOT ENCOUNTER, WELL IS NOT DEEP ENOUGH{N || W-2 Formation Data{282659{385042{444122{17{PRECAMBRIAN (UNDIFFERENTIATED){{{N{DID NOT ENCOUNTER, WELL IS NOT DEEP ENOUGH{N",W-2 Production Interval Data{282659{385042{444122{1{9481{19367{2{1{N,W-2 Amount And Material Data{282659{385042{444122{1{9481.0{19367.0{SEE FRAC FOCUS{2,9481.0,19367.0,9886.0,,114.0,INCLUDE,"Pioneer; Spraberry Trend Area; approved completion; single-well lease; horizontal permit; 2022-2023 first production; interval proxy closest to 10,000 ft",,15
10,57856,104H,31744053,MARTIN,True,000000,000000,665748,85280300,202209,202606,EPLEY-MARTIN 31D,"PIONEER NATURAL RES. USA, INC.",SPRABERRY (TREND AREA),1,46,True,True,True,True,1,1,Approved,01-20-2023.zip,W-2 Formation Data{281209{383122{441740{1{SANTA ROSA{1231.0{1231.0{Y{{Y || W-2 Formation Data{281209{383122{441740{2{YATES{2656.0{2662.0{Y{{Y || W-2 Formation Data{281209{383122{441740{3{QUEEN{3502.0{3515.0{Y{{Y || W-2 Formation Data{281209{383122{441740{4{GRAYBURG{3940.0{3958.0{Y{{Y || W-2 Formation Data{281209{383122{441740{5{SAN ANDRES - ACTIVE CO2 FLOOD; HIGH FLOWS; H2S; CO{4161.0{4179.0{Y{{Y || W-2 Formation Data{281209{383122{441740{6{SPRABERRY{7566.0{7603.0{Y{{Y || W-2 Formation Data{281209{383122{441740{7{DEAN{8899.0{8935.0{Y{{Y || W-2 Formation Data{281209{383122{441740{8{WOLFCAMP{9118.0{9157.0{Y{{Y || W-2 Formation Data{281209{383122{441740{9{CISCO{{{N{BELOW TD{N || W-2 Formation Data{281209{383122{441740{10{PENNSYLVANIAN{{{N{BELOW TD{N || W-2 Formation Data{281209{383122{441740{11{STRAWN{{{N{BELOW TD{N || W-2 Formation Data{281209{383122{441740{12{MISSISSIPPIAN{{{N{BELOW TD{N || W-2 Formation Data{281209{383122{441740{13{DEVONIAN{{{N{BELOW TD{N || W-2 Formation Data{281209{383122{441740{14{SILURIAN{{{N{BELOW TD{N || W-2 Formation Data{281209{383122{441740{15{FUSSELMAN{{{N{BELOW TD{N || W-2 Formation Data{281209{383122{441740{16{ELLENBURGER{{{N{BELOW TD{N || W-2 Formation Data{281209{383122{441740{17{PRECAMBRIAN (UNDIFFERENTIATED){{{N{BELOW TD{N,W-2 Production Interval Data{281209{383122{441740{1{9576{19462{2{1{N,W-2 Amount And Material Data{281209{383122{441740{1{9576.0{19462.0{SEE FRAC FOCUS{2,9576.0,19462.0,9886.0,,114.0,INCLUDE,"Pioneer; Spraberry Trend Area; approved completion; single-well lease; horizontal permit; 2022-2023 first production; interval proxy closest to 10,000 ft",,16
10,59233,204H,31744069,MARTIN,True,000000,000000,665748,85280300,202212,202606,DAVIS-LACY 31D,"PIONEER NATURAL RES. USA, INC.",SPRABERRY (TREND AREA),1,43,True,True,True,True,1,1,Approved,01-30-2024.zip,"W-2 Formation Data{304577{412628{475723{1{SANTA ROSA{1227.0{1227.0{Y{ESTIMATED DEPTH{Y || W-2 Formation Data{304577{412628{475723{2{YATES{2630.0{2639.0{Y{{Y || W-2 Formation Data{304577{412628{475723{3{QUEEN{3467.0{3491.0{Y{{Y || W-2 Formation Data{304577{412628{475723{4{GRAYBURG{3917.0{3950.0{Y{{Y || W-2 Formation Data{304577{412628{475723{5{SAN ANDRES - ACTIVE CO2 FLOOD; HIGH FLOWS; H2S; CO{4139.0{4175.0{Y{{Y || W-2 Formation Data{304577{412628{475723{6{SPRABERRY{7570.0{7648.0{Y{{Y || W-2 Formation Data{304577{412628{475723{7{DEAN{{{N{DID NOT ENCOUNTER, WELL IS NOT DEEP ENOUGH{N || W-2 Formation Data{304577{412628{475723{8{WOLFCAMP{{{N{DID NOT ENCOUNTER, WELL IS NOT DEEP ENOUGH{N || W-2 Formation Data{304577{412628{475723{9{CISCO{{{N{DID NOT ENCOUNTER, WELL IS NOT DEEP ENOUGH{N || W-2 Formation Data{304577{412628{475723{10{PENNSYLVANIAN{{{N{DID NOT ENCOUNTER, WELL IS NOT DEEP ENOUGH{N || W-2 Formation Data{304577{412628{475723{11{STRAWN{{{N{DID NOT ENCOUNTER, WELL IS NOT DEEP ENOUGH{N || W-2 Formation Data{304577{412628{475723{12{MISSISSIPPIAN{{{N{DID NOT ENCOUNTER, WELL IS NOT DEEP ENOUGH{N || W-2 Formation Data{304577{412628{475723{13{DEVONIAN{{{N{DID NOT ENCOUNTER, WELL IS NOT DEEP ENOUGH{N || W-2 Formation Data{304577{412628{475723{14{SILURIAN{{{N{DID NOT ENCOUNTER, WELL IS NOT DEEP ENOUGH{N || W-2 Formation Data{304577{412628{475723{15{FUSSELMAN{{{N{DID NOT ENCOUNTER, WELL IS NOT DEEP ENOUGH{N || W-2 Formation Data{304577{412628{475723{16{ELLENBURGER{{{N{DID NOT ENCOUNTER, WELL IS NOT DEEP ENOUGH{N || W-2 Formation Data{304577{412628{475723{17{PRECAMBRIAN (UNDIFFERENTIATED){{{N{DID NOT ENCOUNTER, WELL IS NOT DEEP ENOUGH{N",W-2 Production Interval Data{304577{412628{475723{1{7999{17882{2{1{N,W-2 Amount And Material Data{304577{412628{475723{1{7999.0{17882.0{SEE FRAC FOCUS{2,7999.0,17882.0,9883.0,,117.0,INCLUDE,"Pioneer; Spraberry Trend Area; approved completion; single-well lease; horizontal permit; 2022-2023 first production; interval proxy closest to 10,000 ft",,17
10,60093,301H,31743566,MARTIN,True,000000,000000,665748,85280300,202310,202606,WELCH-COX E39A,"PIONEER NATURAL RES. USA, INC.",SPRABERRY (TREND AREA),1,33,True,True,True,True,2,1,Approved,01-22-2024.zip,"W-2 Formation Data{303606{411479{476919{1{SANTA ROSA{1271.0{1271.0{Y{ESTIMATED DEPTH{Y || W-2 Formation Data{303606{411479{476919{2{YATES{2606.0{2616.0{Y{{Y || W-2 Formation Data{303606{411479{476919{3{QUEEN{3468.0{3507.0{Y{{Y || W-2 Formation Data{303606{411479{476919{4{GRAYBURG{3936.0{3988.0{Y{{Y || W-2 Formation Data{303606{411479{476919{5{SAN ANDRES - ACTIVE CO2 FLOOD; HIGH FLOWS; H2S; CO{4161.0{4220.0{Y{{Y || W-2 Formation Data{303606{411479{476919{6{SPRABERRY{7556.0{7664.0{Y{{Y || W-2 Formation Data{303606{411479{476919{7{DEAN{{{N{DID NOT ENCOUNTER, WELL IS NOT DEEP ENOUGH{N || W-2 Formation Data{303606{411479{476919{8{WOLFCAMP{{{N{DID NOT ENCOUNTER, WELL IS NOT DEEP ENOUGH{N || W-2 Formation Data{303606{411479{476919{9{CISCO{{{N{DID NOT ENCOUNTER, WELL IS NOT DEEP ENOUGH{N || W-2 Formation Data{303606{411479{476919{10{PENNSYLVANIAN{{{N{DID NOT ENCOUNTER, WELL IS NOT DEEP ENOUGH{N || W-2 Formation Data{303606{411479{476919{11{STRAWN{{{N{DID NOT ENCOUNTER, WELL IS NOT DEEP ENOUGH{N || W-2 Formation Data{303606{411479{476919{12{MISSISSIPPIAN{{{N{DID NOT ENCOUNTER, WELL IS NOT DEEP ENOUGH{N || W-2 Formation Data{303606{411479{476919{13{DEVONIAN{{{N{DID NOT ENCOUNTER, WELL IS NOT DEEP ENOUGH{N || W-2 Formation Data{303606{411479{476919{14{SILURIAN{{{N{DID NOT ENCOUNTER, WELL IS NOT DEEP ENOUGH{N || W-2 Formation Data{303606{411479{476919{15{FUSSELMAN{{{N{DID NOT ENCOUNTER, WELL IS NOT DEEP ENOUGH{N || W-2 Formation Data{303606{411479{476919{16{ELLENBURGER{{{N{DID NOT ENCOUNTER, WELL IS NOT DEEP ENOUGH{N || W-2 Formation Data{303606{411479{476919{17{PRECAMBRIAN (UNDIFFERENTIATED){{{N{{N",W-2 Production Interval Data{303606{411479{476919{1{8778{18909{2{1{N,W-2 Amount And Material Data{303606{411479{476919{1{8778.0{18909.0{SEE FRAC FOCUS{2,8778.0,18909.0,10131.0,,131.0,INCLUDE,"Pioneer; Spraberry Trend Area; approved completion; single-well lease; horizontal permit; 2022-2023 first production; interval proxy closest to 10,000 ft",,18
10,59215,202H,31744071,MARTIN,True,000000,000000,665748,85280300,202212,202606,DAVIS-LACY 31B,"PIONEER NATURAL RES. USA, INC.",SPRABERRY (TREND AREA),1,43,True,True,True,True,1,1,Approved,01-30-2024.zip,"W-2 Formation Data{304514{412546{475636{1{SANTA ROSA{1227.0{1227.0{Y{ESTIMATED DEPTH{Y || W-2 Formation Data{304514{412546{475636{2{YATES{2626.0{2634.0{Y{{Y || W-2 Formation Data{304514{412546{475636{3{QUEEN{3473.0{3496.0{Y{{Y || W-2 Formation Data{304514{412546{475636{4{GRAYBURG{3912.0{3941.0{Y{{Y || W-2 Formation Data{304514{412546{475636{5{SAN ANDRES - ACTIVE CO2 FLOOD; HIGH FLOWS; H2S; CO{4138.0{4170.0{Y{{Y || W-2 Formation Data{304514{412546{475636{6{SPRABERRY{7569.0{7616.0{Y{{Y || W-2 Formation Data{304514{412546{475636{7{DEAN{{{N{DID NOT ENCOUNTER, WELL IS NOT DEEP ENOUGH{N || W-2 Formation Data{304514{412546{475636{8{WOLFCAMP{{{N{DID NOT ENCOUNTER, WELL IS NOT DEEP ENOUGH{N || W-2 Formation Data{304514{412546{475636{9{CISCO{{{N{DID NOT ENCOUNTER, WELL IS NOT DEEP ENOUGH{N || W-2 Formation Data{304514{412546{475636{10{PENNSYLVANIAN{{{N{DID NOT ENCOUNTER, WELL IS NOT DEEP ENOUGH{N || W-2 Formation Data{304514{412546{475636{11{STRAWN{{{N{DID NOT ENCOUNTER, WELL IS NOT DEEP ENOUGH{N || W-2 Formation Data{304514{412546{475636{12{MISSISSIPPIAN{{{N{DID NOT ENCOUNTER, WELL IS NOT DEEP ENOUGH{N || W-2 Formation Data{304514{412546{475636{13{DEVONIAN{{{N{DID NOT ENCOUNTER, WELL IS NOT DEEP ENOUGH{N || W-2 Formation Data{304514{412546{475636{14{SILURIAN{{{N{DID NOT ENCOUNTER, WELL IS NOT DEEP ENOUGH{N || W-2 Formation Data{304514{412546{475636{15{FUSSELMAN{{{N{DID NOT ENCOUNTER, WELL IS NOT DEEP ENOUGH{N || W-2 Formation Data{304514{412546{475636{16{ELLENBURGER{{{N{DID NOT ENCOUNTER, WELL IS NOT DEEP ENOUGH{N || W-2 Formation Data{304514{412546{475636{17{PRECAMBRIAN (UNDIFFERENTIATED){{{N{DID NOT ENCOUNTER, WELL IS NOT DEEP ENOUGH{N",W-2 Production Interval Data{304514{412546{475636{1{8452{18313{2{1{N,W-2 Amount And Material Data{304514{412546{475636{1{8452.0{18313.0{SEE FRAC FOCUS{2,8452.0,18313.0,9861.0,,139.0,INCLUDE,"Pioneer; Spraberry Trend Area; approved completion; single-well lease; horizontal permit; 2022-2023 first production; interval proxy closest to 10,000 ft",,19
10,59230,206H,31744067,MARTIN,True,000000,000000,665748,85280300,202301,202606,DAVIS-LACY 31F,"PIONEER NATURAL RES. USA, INC.",SPRABERRY (TREND AREA),1,42,True,True,True,True,1,1,Approved,01-30-2024.zip,"W-2 Formation Data{304609{412675{475798{1{SANTA ROSA{1227.0{1227.0{Y{ESTIMATED DEPTH{Y || W-2 Formation Data{304609{412675{475798{2{YATES{2630.0{2641.0{Y{{Y || W-2 Formation Data{304609{412675{475798{3{QUEEN{3469.0{3512.0{Y{{Y || W-2 Formation Data{304609{412675{475798{4{GRAYBURG{3919.0{3980.0{Y{{Y || W-2 Formation Data{304609{412675{475798{5{SAN ANDRES - ACTIVE CO2 FLOOD; HIGH FLOWS; H2S; CO{4140.0{4209.0{Y{{Y || W-2 Formation Data{304609{412675{475798{6{SPRABERRY{7561.0{7718.0{Y{{Y || W-2 Formation Data{304609{412675{475798{7{DEAN{{{N{DID NOT ENCOUNTER, WELL IS NOT DEEP ENOUGH{N || W-2 Formation Data{304609{412675{475798{8{WOLFCAMP{{{N{DID NOT ENCOUNTER, WELL IS NOT DEEP ENOUGH{N || W-2 Formation Data{304609{412675{475798{9{CISCO{{{N{DID NOT ENCOUNTER, WELL IS NOT DEEP ENOUGH{N || W-2 Formation Data{304609{412675{475798{10{PENNSYLVANIAN{{{N{DID NOT ENCOUNTER, WELL IS NOT DEEP ENOUGH{N || W-2 Formation Data{304609{412675{475798{11{STRAWN{{{N{DID NOT ENCOUNTER, WELL IS NOT DEEP ENOUGH{N || W-2 Formation Data{304609{412675{475798{12{MISSISSIPPIAN{{{N{DID NOT ENCOUNTER, WELL IS NOT DEEP ENOUGH{N || W-2 Formation Data{304609{412675{475798{13{DEVONIAN{{{N{DID NOT ENCOUNTER, WELL IS NOT DEEP ENOUGH{N || W-2 Formation Data{304609{412675{475798{14{SILURIAN{{{N{DID NOT ENCOUNTER, WELL IS NOT DEEP ENOUGH{N || W-2 Formation Data{304609{412675{475798{15{FUSSELMAN{{{N{DID NOT ENCOUNTER, WELL IS NOT DEEP ENOUGH{N || W-2 Formation Data{304609{412675{475798{16{ELLENBURGER{{{N{DID NOT ENCOUNTER, WELL IS NOT DEEP ENOUGH{N || W-2 Formation Data{304609{412675{475798{17{PRECAMBRIAN (UNDIFFERENTIATED){{{N{DID NOT ENCOUNTER, WELL IS NOT DEEP ENOUGH{N",W-2 Production Interval Data{304609{412675{475798{1{8614{18475{2{1{N,W-2 Amount And Material Data{304609{412675{475798{1{8614.0{18475.0{SEE FRAC FOCUS{2,8614.0,18475.0,9861.0,,139.0,INCLUDE,"Pioneer; Spraberry Trend Area; approved completion; single-well lease; horizontal permit; 2022-2023 first production; interval proxy closest to 10,000 ft",,20
10,57623,213H,31743757,MARTIN,True,000000,000000,665748,85280300,202203,202606,GLYNN-ATCHISON 44M,"PIONEER NATURAL RES. USA, INC.",SPRABERRY (TREND AREA),1,52,True,True,True,True,1,1,Approved,02-03-2023.zip,"W-2 Formation Data{282840{385257{444332{1{SANTA ROSA{1288.0{1288.0{Y{ESTIMATED DEPTH{Y || W-2 Formation Data{282840{385257{444332{2{YATES{2572.0{2574.0{Y{{Y || W-2 Formation Data{282840{385257{444332{3{QUEEN{3419.0{3425.0{Y{{Y || W-2 Formation Data{282840{385257{444332{4{GRAYBURG{3951.0{3960.0{Y{{Y || W-2 Formation Data{282840{385257{444332{5{SAN ANDRES - ACTIVE CO2 FLOOD; HIGH FLOWS; H2S; CO{4076.0{4085.0{Y{{Y || W-2 Formation Data{282840{385257{444332{6{SPRABERRY{7441.0{7466.0{Y{{Y || W-2 Formation Data{282840{385257{444332{7{DEAN{{{N{DID NOT ENCOUNTER, WELL IS NOT DEEP ENOUGH{N || W-2 Formation Data{282840{385257{444332{8{WOLFCAMP{{{N{DID NOT ENCOUNTER, WELL IS NOT DEEP ENOUGH{N || W-2 Formation Data{282840{385257{444332{9{CISCO{{{N{DID NOT ENCOUNTER, WELL IS NOT DEEP ENOUGH{N || W-2 Formation Data{282840{385257{444332{10{PENNSYLVANIAN{{{N{DID NOT ENCOUNTER, WELL IS NOT DEEP ENOUGH{N || W-2 Formation Data{282840{385257{444332{11{STRAWN{{{N{DID NOT ENCOUNTER, WELL IS NOT DEEP ENOUGH{N || W-2 Formation Data{282840{385257{444332{12{MISSISSIPPIAN{{{N{DID NOT ENCOUNTER, WELL IS NOT DEEP ENOUGH{N || W-2 Formation Data{282840{385257{444332{13{DEVONIAN{{{N{DID NOT ENCOUNTER, WELL IS NOT DEEP ENOUGH{N || W-2 Formation Data{282840{385257{444332{14{SILURIAN{{{N{DID NOT ENCOUNTER, WELL IS NOT DEEP ENOUGH{N || W-2 Formation Data{282840{385257{444332{15{FUSSELMAN{{{N{DID NOT ENCOUNTER, WELL IS NOT DEEP ENOUGH{N || W-2 Formation Data{282840{385257{444332{16{ELLENBURGER{{{N{DID NOT ENCOUNTER, WELL IS NOT DEEP ENOUGH{N || W-2 Formation Data{282840{385257{444332{17{PRECAMBRIAN (UNDIFFERENTIATED){{{N{DID NOT ENCOUNTER, WELL IS NOT DEEP ENOUGH{N",W-2 Production Interval Data{282840{385257{444332{1{8131{18312{2{1{N,W-2 Amount And Material Data{282840{385257{444332{1{8131.0{18312.0{SEE FRAC FOCUS{2,8131.0,18312.0,10181.0,,181.0,INCLUDE,"Pioneer; Spraberry Trend Area; approved completion; single-well lease; horizontal permit; 2022-2023 first production; interval proxy closest to 10,000 ft",,21
10,57722,212H,31743759,MARTIN,True,000000,000000,665748,85280300,202208,202606,GLYNN-ATCHISON 44L,"PIONEER NATURAL RES. USA, INC.",SPRABERRY (TREND AREA),1,47,True,True,True,True,1,1,Approved,02-03-2023.zip,"W-2 Formation Data{282830{385244{444315{1{SANTA ROSA{1300.0{1300.0{Y{ESTIMATED DEPTH{Y || W-2 Formation Data{282830{385244{444315{2{YATES{2583.0{2590.0{Y{{Y || W-2 Formation Data{282830{385244{444315{3{QUEEN{3431.0{3449.0{Y{{Y || W-2 Formation Data{282830{385244{444315{4{GRAYBURG{3959.0{3981.0{Y{{Y || W-2 Formation Data{282830{385244{444315{5{SAN ANDRES - ACTIVE CO2 FLOOD; HIGH FLOWS; H2S; CO{4078.0{4101.0{Y{{Y || W-2 Formation Data{282830{385244{444315{6{SPRABERRY{7444.0{7481.0{Y{{Y || W-2 Formation Data{282830{385244{444315{7{DEAN{{{N{DID NOT ENCOUNTER, WELL IS NOT DEEP ENOUGH{N || W-2 Formation Data{282830{385244{444315{8{WOLFCAMP{{{N{DID NOT ENCOUNTER, DOES NOT EXIST IN THIS AREA{N || W-2 Formation Data{282830{385244{444315{9{CISCO{{{N{DID NOT ENCOUNTER, WELL IS NOT DEEP ENOUGH{N || W-2 Formation Data{282830{385244{444315{10{PENNSYLVANIAN{{{N{DID NOT ENCOUNTER, WELL IS NOT DEEP ENOUGH{N || W-2 Formation Data{282830{385244{444315{11{STRAWN{{{N{DID NOT ENCOUNTER, WELL IS NOT DEEP ENOUGH{N || W-2 Formation Data{282830{385244{444315{12{MISSISSIPPIAN{{{N{DID NOT ENCOUNTER, WELL IS NOT DEEP ENOUGH{N || W-2 Formation Data{282830{385244{444315{13{DEVONIAN{{{N{DID NOT ENCOUNTER, WELL IS NOT DEEP ENOUGH{N || W-2 Formation Data{282830{385244{444315{14{SILURIAN{{{N{DID NOT ENCOUNTER, WELL IS NOT DEEP ENOUGH{N || W-2 Formation Data{282830{385244{444315{15{FUSSELMAN{{{N{DID NOT ENCOUNTER, WELL IS NOT DEEP ENOUGH{N || W-2 Formation Data{282830{385244{444315{16{ELLENBURGER{{{N{DID NOT ENCOUNTER, WELL IS NOT DEEP ENOUGH{N || W-2 Formation Data{282830{385244{444315{17{PRECAMBRIAN (UNDIFFERENTIATED){{{N{DID NOT ENCOUNTER, WELL IS NOT DEEP ENOUGH{N",W-2 Production Interval Data{282830{385244{444315{1{8915{19096{2{1{N,W-2 Amount And Material Data{282830{385244{444315{1{8915.0{19096.0{SEE FRAC FOCUS{2,8915.0,19096.0,10181.0,,181.0,INCLUDE,"Pioneer; Spraberry Trend Area; approved completion; single-well lease; horizontal permit; 2022-2023 first production; interval proxy closest to 10,000 ft",,22
10,58214,4H,31743816,MARTIN,True,000000,000000,665748,85280300,202210,202606,SCHARBAUER-DOVE 7D,"PIONEER NATURAL RES. USA, INC.",SPRABERRY (TREND AREA),1,45,True,True,True,True,1,1,Approved,01-20-2023.zip,W-2 Formation Data{281594{384147{443026{1{SANTA ROSA{1984.5{1984.5{Y{PROG TOP (TVD)(FTKB){Y || W-2 Formation Data{281594{384147{443026{2{YATES{2936.7{2944.3{Y{{Y || W-2 Formation Data{281594{384147{443026{3{QUEEN{3872.1{3885.1{Y{{Y || W-2 Formation Data{281594{384147{443026{4{GRAYBURG{4392.0{4409.4{Y{{Y || W-2 Formation Data{281594{384147{443026{5{SAN ANDRES - ACTIVE CO2 FLOOD; HIGH FLOWS; H2S; CO{4590.0{4608.7{Y{{Y || W-2 Formation Data{281594{384147{443026{6{SPRABERRY{8134.9{8169.9{Y{{Y || W-2 Formation Data{281594{384147{443026{7{DEAN{{{N{WELL IS NOT DEEP ENOUGH{N || W-2 Formation Data{281594{384147{443026{8{WOLFCAMP{{{N{WELL IS NOT DEEP ENOUGH{N || W-2 Formation Data{281594{384147{443026{9{CISCO{{{N{WELL IS NOT DEEP ENOUGH{N || W-2 Formation Data{281594{384147{443026{10{PENNSYLVANIAN{{{N{WEL L IS NOT DEEP ENOUGH{N || W-2 Formation Data{281594{384147{443026{11{STRAWN{{{N{WELL IS NOT DEEP ENOUGH{N || W-2 Formation Data{281594{384147{443026{12{MISSISSIPPIAN{{{N{WELL IS NOT DEEP ENOUGH{N || W-2 Formation Data{281594{384147{443026{13{DEVONIAN{{{N{WELL IS NOT DEEP ENOUGH{N || W-2 Formation Data{281594{384147{443026{14{SILURIAN{{{N{WELL IS NOT DEEP ENOUGH{N || W-2 Formation Data{281594{384147{443026{15{FUSSELMAN{{{N{WELL IS NOT DEEP ENOUGH{N || W-2 Formation Data{281594{384147{443026{16{ELLENBURGER{{{N{WELL IS NOT DEEP ENOUGH{N || W-2 Formation Data{281594{384147{443026{17{PRECAMBRIAN (UNDIFFERENTIATED){{{N{WELL IS NOT DEEP ENOUGH{N,W-2 Production Interval Data{281594{384147{443026{1{10064{20245{2{1{N,W-2 Amount And Material Data{281594{384147{443026{1{10064.0{20245.0{SEE FRAC FOCUS{2,10064.0,20245.0,10181.0,,181.0,INCLUDE,"Pioneer; Spraberry Trend Area; approved completion; single-well lease; horizontal permit; 2022-2023 first production; interval proxy closest to 10,000 ft",,23
10,57772,105H,31744051,MARTIN,True,000000,000000,665748,85280300,202204,202606,EPLEY-MARTIN 31E,"PIONEER NATURAL RES. USA, INC.",SPRABERRY (TREND AREA),1,51,True,True,True,True,1,1,Approved,01-03-2023.zip,W-2 Formation Data{281211{384859{441742{1{SANTA ROSA{1231.0{1231.0{Y{ESTIMATED{Y || W-2 Formation Data{281211{384859{441742{2{YATES{2651.0{2653.0{Y{{Y || W-2 Formation Data{281211{384859{441742{3{QUEEN{3488.0{3494.0{Y{{Y || W-2 Formation Data{281211{384859{441742{4{GRAYBURG{3937.0{3946.0{Y{{Y || W-2 Formation Data{281211{384859{441742{5{SAN ANDRES - ACTIVE CO2 FLOOD; HIGH FLOWS; H2S; CO{4159.0{4169.0{Y{{Y || W-2 Formation Data{281211{384859{441742{6{SPRABERRY{7566.0{7593.0{Y{{Y || W-2 Formation Data{281211{384859{441742{7{DEAN{{{N{BELOW TD{N || W-2 Formation Data{281211{384859{441742{8{WOLFCAMP{{{N{BELOW TD{N || W-2 Formation Data{281211{384859{441742{9{CISCO{{{N{BELOW TD{N || W-2 Formation Data{281211{384859{441742{10{PENNSYLVANIAN{{{N{BELOW TD{N || W-2 Formation Data{281211{384859{441742{11{STRAWN{{{N{BELOW TD{N || W-2 Formation Data{281211{384859{441742{12{MISSISSIPPIAN{{{N{BELOW TD{N || W-2 Formation Data{281211{384859{441742{13{DEVONIAN{{{N{BELOW TD{N || W-2 Formation Data{281211{384859{441742{14{SILURIAN{{{N{BELOW TD{N || W-2 Formation Data{281211{384859{441742{15{FUSSELMAN{{{N{BELOW TD{N || W-2 Formation Data{281211{384859{441742{16{ELLENBURGER{{{N{BELOW TD{N || W-2 Formation Data{281211{384859{441742{17{PRECAMBRIAN (UNDIFFERENTIATED){{{N{BELOW TD{N,W-2 Production Interval Data{281211{384859{441742{1{8119{17900{2{1{N,W-2 Amount And Material Data{281211{384859{441742{1{8119.0{17900.0{SEE FRAC FOCUS{2,8119.0,17900.0,9781.0,,219.0,INCLUDE,"Pioneer; Spraberry Trend Area; approved completion; single-well lease; horizontal permit; 2022-2023 first production; interval proxy closest to 10,000 ft",,24
10,58222,107H,31744060,MARTIN,True,000000,000000,665748,85280300,202209,202606,EPLEY-MARTIN 31G,"PIONEER NATURAL RES. USA, INC.",SPRABERRY (TREND AREA),1,46,True,True,True,True,2,2,Approved,02-06-2023.zip,"W-2 Formation Data{282672{389328{444349{1{SANTA ROSA{1241.0{1241.0{Y{ESTIMATED DEPTH{Y || W-2 Formation Data{282672{389328{444349{2{YATES{2630.0{2640.0{Y{{Y || W-2 Formation Data{282672{389328{444349{3{QUEEN{3468.0{3506.0{Y{{Y || W-2 Formation Data{282672{389328{444349{4{GRAYBURG{3918.0{3977.0{Y{{Y || W-2 Formation Data{282672{389328{444349{5{SAN ANDRES - ACTIVE CO2 FLOOD; HIGH FLOWS; H2S; CO{4142.0{4211.0{Y{{Y || W-2 Formation Data{282672{389328{444349{6{SPRABERRY{7554.0{7750.0{Y{{Y || W-2 Formation Data{282672{389328{444349{7{DEAN{{{N{DID NOT ENCOUNTER, WELL IS NOT DEEP ENOUGH{N || W-2 Formation Data{282672{389328{444349{8{WOLFCAMP{{{N{DID NOT ENCOUNTER, DOES NOT EXIST IN THIS AREA{N || W-2 Formation Data{282672{389328{444349{9{CISCO{{{N{DID NOT ENCOUNTER, WELL IS NOT DEEP ENOUGH{N || W-2 Formation Data{282672{389328{444349{10{PENNSYLVANIAN{{{N{DID NOT ENCOUNTER, WELL IS NOT DEEP ENOUGH{N || W-2 Formation Data{282672{389328{444349{11{STRAWN{{{N{DID NOT ENCOUNTER, WELL IS NOT DEEP ENOUGH{N || W-2 Formation Data{282672{389328{444349{12{MISSISSIPPIAN{{{N{DID NOT ENCOUNTER, WELL IS NOT DEEP ENOUGH{N || W-2 Formation Data{282672{389328{444349{13{DEVONIAN{{{N{DID NOT ENCOUNTER, WELL IS NOT DEEP ENOUGH{N || W-2 Formation Data{282672{389328{444349{14{SILURIAN{{{N{DID NOT ENCOUNTER, WELL IS NOT DEEP ENOUGH{N || W-2 Formation Data{282672{389328{444349{15{FUSSELMAN{{{N{DID NOT ENCOUNTER, WELL IS NOT DEEP ENOUGH{N || W-2 Formation Data{282672{389328{444349{16{ELLENBURGER{{{N{DID NOT ENCOUNTER, WELL IS NOT DEEP ENOUGH{N || W-2 Formation Data{282672{389328{444349{17{PRECAMBRIAN (UNDIFFERENTIATED){{{N{DID NOT ENCOUNTER, WELL IS NOT DEEP ENOUGH{N",W-2 Production Interval Data{282672{389328{444349{1{9146{18927{2{1{N,W-2 Amount And Material Data{282672{389328{444349{1{9146.0{18927.0{SEE FRAC FOCUS{2,9146.0,18927.0,9781.0,,219.0,INCLUDE,"Pioneer; Spraberry Trend Area; approved completion; single-well lease; horizontal permit; 2022-2023 first production; interval proxy closest to 10,000 ft",,25
10,58152,111H,31744066,MARTIN,True,000000,000000,665748,85280300,202209,202606,EPLEY-MARTIN 31K,"PIONEER NATURAL RES. USA, INC.",SPRABERRY (TREND AREA),1,46,True,True,True,True,1,1,Approved,01-03-2023.zip,W-2 Formation Data{281212{383125{441743{1{SANTA ROSA{1851.0{1851.0{Y{ESTIMATED{Y || W-2 Formation Data{281212{383125{441743{2{YATES{2631.0{2641.0{Y{{Y || W-2 Formation Data{281212{383125{441743{3{QUEEN{3462.0{3493.0{Y{{Y || W-2 Formation Data{281212{383125{441743{4{GRAYBURG{3910.0{3953.0{Y{{Y || W-2 Formation Data{281212{383125{441743{5{SAN ANDRES - ACTIVE CO2 FLOOD; HIGH FLOWS; H2S; CO{4127.0{4176.0{Y{{Y || W-2 Formation Data{281212{383125{441743{6{SPRABERRY{7551.0{7639.0{Y{{Y || W-2 Formation Data{281212{383125{441743{7{DEAN{8890.0{8978.0{Y{{Y || W-2 Formation Data{281212{383125{441743{8{WOLFCAMP{9099.0{9210.0{Y{{Y || W-2 Formation Data{281212{383125{441743{9{CISCO{{{N{BELOW TD{N || W-2 Formation Data{281212{383125{441743{10{PENNSYLVANIAN{{{N{BELOW TD{N || W-2 Formation Data{281212{383125{441743{11{STRAWN{{{N{BELOW TD{N || W-2 Formation Data{281212{383125{441743{12{MISSISSIPPIAN{{{N{BELOW TD{N || W-2 Formation Data{281212{383125{441743{13{DEVONIAN{{{N{BELOW TD{N || W-2 Formation Data{281212{383125{441743{14{SILURIAN{{{N{BELOW TD{N || W-2 Formation Data{281212{383125{441743{15{FUSSELMAN{{{N{BELOW TD{N || W-2 Formation Data{281212{383125{441743{16{ELLENBURGER{{{N{BELOW TD{N || W-2 Formation Data{281212{383125{441743{17{PRECAMBRIAN (UNDIFFERENTIATED){{{N{BELOW TD{N,W-2 Production Interval Data{281212{383125{441743{1{9680{19461{2{1{N,W-2 Amount And Material Data{281212{383125{441743{1{9680.0{19461.0{SEE FRAC FOCUS{2,9680.0,19461.0,9781.0,,219.0,INCLUDE,"Pioneer; Spraberry Trend Area; approved completion; single-well lease; horizontal permit; 2022-2023 first production; interval proxy closest to 10,000 ft",,26
10,57663,214H,31743755,MARTIN,True,000000,000000,665748,85280300,202203,202606,GLYNN-ATCHISON 44N,"PIONEER NATURAL RES. USA, INC.",SPRABERRY (TREND AREA),1,52,True,True,True,True,1,1,Approved,02-06-2023.zip,"W-2 Formation Data{282858{385283{444362{1{SANTA ROSA{1290.0{1290.0{Y{ESTIMATED DEPTH{Y || W-2 Formation Data{282858{385283{444362{2{YATES{2572.0{2573.0{Y{{Y || W-2 Formation Data{282858{385283{444362{3{QUEEN{3414.0{3415.0{Y{{Y || W-2 Formation Data{282858{385283{444362{4{GRAYBURG{3950.0{3952.0{Y{{Y || W-2 Formation Data{282858{385283{444362{5{SAN ANDRES - ACTIVE CO2 FLOOD; HIGH FLOWS; H2S; CO{4068.0{4070.0{Y{{Y || W-2 Formation Data{282858{385283{444362{6{SPRABERRY{7443.0{7454.0{Y{{Y || W-2 Formation Data{282858{385283{444362{7{DEAN{{{N{DID NOT ENCOUNTER, WELL IS NOT DEEP ENOUGH{N || W-2 Formation Data{282858{385283{444362{8{WOLFCAMP{{{N{DID NOT ENCOUNTER, DOES NOT EXIST IN THIS AREA{N || W-2 Formation Data{282858{385283{444362{9{CISCO{{{N{DID NOT ENCOUNTER, WELL IS NOT DEEP ENOUGH{N || W-2 Formation Data{282858{385283{444362{10{PENNSYLVANIAN{{{N{DID NOT ENCOUNTER, WELL IS NOT DEEP ENOUGH{N || W-2 Formation Data{282858{385283{444362{11{STRAWN{{{N{DID NOT ENCOUNTER, WELL IS NOT DEEP ENOUGH{N || W-2 Formation Data{282858{385283{444362{12{MISSISSIPPIAN{{{N{DID NOT ENCOUNTER, WELL IS NOT DEEP ENOUGH{N || W-2 Formation Data{282858{385283{444362{13{DEVONIAN{{{N{DID NOT ENCOUNTER, WELL IS NOT DEEP ENOUGH{N || W-2 Formation Data{282858{385283{444362{14{SILURIAN{{{N{DID NOT ENCOUNTER, WELL IS NOT DEEP ENOUGH{N || W-2 Formation Data{282858{385283{444362{15{FUSSELMAN{{{N{DID NOT ENCOUNTER, WELL IS NOT DEEP ENOUGH{N || W-2 Formation Data{282858{385283{444362{16{ELLENBURGER{{{N{DID NOT ENCOUNTER, WELL IS NOT DEEP ENOUGH{N || W-2 Formation Data{282858{385283{444362{17{PRECAMBRIAN (UNDIFFERENTIATED){{{N{DID NOT ENCOUNTER, WELL IS NOT DEEP ENOUGH{N",W-2 Production Interval Data{282858{385283{444362{1{8425{19726{2{1{N,W-2 Amount And Material Data{282858{385283{444362{1{8425.0{18726.0{SEE FRAC FOCUS{2,8425.0,18726.0,10301.0,,301.0,INCLUDE,"Pioneer; Spraberry Trend Area; approved completion; single-well lease; horizontal permit; 2022-2023 first production; interval proxy closest to 10,000 ft",,27
10,58257,6H,31743818,MARTIN,True,000000,000000,665748,85280300,202210,202606,SCHARBAUER-DOVE 7F,"PIONEER NATURAL RES. USA, INC.",SPRABERRY (TREND AREA),1,45,True,True,True,True,1,1,Approved,01-30-2023.zip,W-2 Formation Data{281601{383659{442423{1{SANTA ROSA{1984.5{1984.5{Y{PROG TOP (TVD)(FTKB){Y || W-2 Formation Data{281601{383659{442423{2{YATES{2943.8{2961.4{Y{{Y || W-2 Formation Data{281601{383659{442423{3{QUEEN{3881.8{3924.2{Y{{Y || W-2 Formation Data{281601{383659{442423{4{GRAYBURG{4396.2{4453.7{Y{{Y || W-2 Formation Data{281601{383659{442423{5{SAN ANDRES - ACTIVE CO2 FLOOD; HIGH FLOWS; H2S; CO{4588.5{4650.9{Y{{Y || W-2 Formation Data{281601{383659{442423{6{SPRABERRY{8134.7{8238.9{Y{{Y || W-2 Formation Data{281601{383659{442423{7{DEAN{{{N{WELL IS NOT DEEP ENOUGH{N || W-2 Formation Data{281601{383659{442423{8{WOLFCAMP{{{N{WELL IS NOT DEEP ENOUGH{N || W-2 Formation Data{281601{383659{442423{9{CISCO{{{N{WELL IS NOT DEEP ENOUGH{N || W-2 Formation Data{281601{383659{442423{10{PENNSYLVANIAN{{{N{WEL L IS NOT DEEP ENOUGH{N || W-2 Formation Data{281601{383659{442423{11{STRAWN{{{N{WELL IS NOT DEEP ENOUGH{N || W-2 Formation Data{281601{383659{442423{12{MISSISSIPPIAN{{{N{WELL IS NOT DEEP ENOUGH{N || W-2 Formation Data{281601{383659{442423{13{DEVONIAN{{{N{WELL IS NOT DEEP ENOUGH{N || W-2 Formation Data{281601{383659{442423{14{SILURIAN{{{N{WELL IS NOT DEEP ENOUGH{N || W-2 Formation Data{281601{383659{442423{15{FUSSELMAN{{{N{WELL IS NOT DEEP ENOUGH{N || W-2 Formation Data{281601{383659{442423{16{ELLENBURGER{{{N{WELL IS NOT DEEP ENOUGH{N || W-2 Formation Data{281601{383659{442423{17{PRECAMBRIAN (UNDIFFERENTIATED){{{N{WELL IS NOT DEEP ENOUGH{N,W-2 Production Interval Data{281601{383659{442423{1{9560{19890{2{1{N,W-2 Amount And Material Data{281601{383659{442423{1{9560.0{19890.0{SEE FRAC FOCUS{2,9560.0,19890.0,10330.0,,330.0,INCLUDE,"Pioneer; Spraberry Trend Area; approved completion; single-well lease; horizontal permit; 2022-2023 first production; interval proxy closest to 10,000 ft",,28
10,60103,322H,31743549,MARTIN,True,000000,000000,665748,85280300,202310,202606,WELCH-COX E39V,"PIONEER NATURAL RES. USA, INC.",SPRABERRY (TREND AREA),1,33,True,True,True,True,2,1,Approved,01-22-2024.zip,"W-2 Formation Data{303712{411616{474561{1{SANTA ROSA{1270.0{1270.0{Y{ESTIMATED DEPTH{Y || W-2 Formation Data{303712{411616{474561{2{YATES{2612.0{2623.0{Y{{Y || W-2 Formation Data{303712{411616{474561{3{QUEEN{3476.0{3519.0{Y{{Y || W-2 Formation Data{303712{411616{474561{4{GRAYBURG{3921.0{3980.0{Y{{Y || W-2 Formation Data{303712{411616{474561{5{SAN ANDRES - ACTIVE CO2 FLOOD; HIGH FLOWS; H2S; CO{4099.0{4163.0{Y{{Y || W-2 Formation Data{303712{411616{474561{6{SPRABERRY{7550.0{7676.0{Y{{Y || W-2 Formation Data{303712{411616{474561{7{DEAN{8858.0{8991.0{Y{{Y || W-2 Formation Data{303712{411616{474561{8{WOLFCAMP{9064.0{9244.0{Y{{Y || W-2 Formation Data{303712{411616{474561{9{CISCO{{{N{DID NOT ENCOUNTER, WELL IS NOT DEEP ENOUGH{N || W-2 Formation Data{303712{411616{474561{10{PENNSYLVANIAN{{{N{DID NOT ENCOUNTER, WELL IS NOT DEEP ENOUGH{N || W-2 Formation Data{303712{411616{474561{11{STRAWN{{{N{DID NOT ENCOUNTER, WELL IS NOT DEEP ENOUGH{N || W-2 Formation Data{303712{411616{474561{12{MISSISSIPPIAN{{{N{DID NOT ENCOUNTER, WELL IS NOT DEEP ENOUGH{N || W-2 Formation Data{303712{411616{474561{13{DEVONIAN{{{N{DID NOT ENCOUNTER, WELL IS NOT DEEP ENOUGH{N || W-2 Formation Data{303712{411616{474561{14{SILURIAN{{{N{DID NOT ENCOUNTER, WELL IS NOT DEEP ENOUGH{N || W-2 Formation Data{303712{411616{474561{15{FUSSELMAN{{{N{DID NOT ENCOUNTER, WELL IS NOT DEEP ENOUGH{N || W-2 Formation Data{303712{411616{474561{16{ELLENBURGER{{{N{DID NOT ENCOUNTER, WELL IS NOT DEEP ENOUGH{N || W-2 Formation Data{303712{411616{474561{17{PRECAMBRIAN (UNDIFFERENTIATED){{{N{DID NOT ENCOUNTER, WELL IS NOT DEEP ENOUGH{N",W-2 Production Interval Data{303712{411616{474561{1{9535{19865{2{1{N,W-2 Amount And Material Data{303712{411616{474561{1{9535.0{19865.0{SEE FRAC FOCUS{2,9535.0,19865.0,10330.0,,330.0,INCLUDE,"Pioneer; Spraberry Trend Area; approved completion; single-well lease; horizontal permit; 2022-2023 first production; interval proxy closest to 10,000 ft",,29
10,60106,320H,31743568,MARTIN,True,000000,000000,665748,85280300,202310,202606,WELCH-COX E39T,"PIONEER NATURAL RES. USA, INC.",SPRABERRY (TREND AREA),1,33,True,True,True,True,2,1,Approved,01-23-2024.zip,"W-2 Formation Data{303585{411454{480926{1{SANTA ROSA{1270.0{1270.0{Y{ESTIMATED DEPTH{Y || W-2 Formation Data{303585{411454{480926{2{YATES{2609.0{2622.0{Y{{Y || W-2 Formation Data{303585{411454{480926{3{QUEEN{3475.0{3534.0{Y{{Y || W-2 Formation Data{303585{411454{480926{4{GRAYBURG{3931.0{4011.0{Y{{Y || W-2 Formation Data{303585{411454{480926{5{SAN ANDRES - ACTIVE CO2 FLOOD; HIGH FLOWS; H2S; CO{4115.0{4203.0{Y{{Y || W-2 Formation Data{303585{411454{480926{6{SPRABERRY{7552.0{7649.0{Y{{Y || W-2 Formation Data{303585{411454{480926{7{DEAN{8859.0{8966.0{Y{{Y || W-2 Formation Data{303585{411454{480926{8{WOLFCAMP{9068.0{9242.0{Y{{Y || W-2 Formation Data{303585{411454{480926{9{CISCO{{{N{DID NOT ENCOUNTER, WELL IS NOT DEEP ENOUGH{N || W-2 Formation Data{303585{411454{480926{10{PENNSYLVANIAN{{{N{DID NOT ENCOUNTER, WELL IS NOT DEEP ENOUGH{N || W-2 Formation Data{303585{411454{480926{11{STRAWN{{{N{DID NOT ENCOUNTER, WELL IS NOT DEEP ENOUGH{N || W-2 Formation Data{303585{411454{480926{12{MISSISSIPPIAN{{{N{DID NOT ENCOUNTER, WELL IS NOT DEEP ENOUGH{N || W-2 Formation Data{303585{411454{480926{13{DEVONIAN{{{N{DID NOT ENCOUNTER, WELL IS NOT DEEP ENOUGH{N || W-2 Formation Data{303585{411454{480926{14{SILURIAN{{{N{DID NOT ENCOUNTER, WELL IS NOT DEEP ENOUGH{N || W-2 Formation Data{303585{411454{480926{15{FUSSELMAN{{{N{DID NOT ENCOUNTER, WELL IS NOT DEEP ENOUGH{N || W-2 Formation Data{303585{411454{480926{16{ELLENBURGER{{{N{DID NOT ENCOUNTER, WELL IS NOT DEEP ENOUGH{N || W-2 Formation Data{303585{411454{480926{17{PRECAMBRIAN (UNDIFFERENTIATED){{{N{DID NOT ENCOUNTER, WELL IS NOT DEEP ENOUGH{N",W-2 Production Interval Data{303585{411454{480926{1{9488{19818{2{1{N,W-2 Amount And Material Data{303585{411454{480926{1{9488.0{19818.0{SEE FRAC FOCUS{2,9488.0,19818.0,10330.0,,330.0,INCLUDE,"Pioneer; Spraberry Trend Area; approved completion; single-well lease; horizontal permit; 2022-2023 first production; interval proxy closest to 10,000 ft",,30
