api8,lease_name,well_no,month_on_production,target_month_on_production,target_next_oil_bbl,naive_last_observed_forecast_oil_bbl,trailing_3mo_avg_forecast_oil_bbl,trailing_6mo_avg_forecast_oil_bbl,linear_regression_forecast_oil_bbl,random_forest_forecast_oil_bbl
31743171,BOHANAN-BLOCKER 3B,4H,24,25.0,2639.0,3106.0,3812.3333333333335,5097.166666666667,3325.963664932428,4106.724905397473
31743171,BOHANAN-BLOCKER 3B,4H,25,26.0,2580.0,2639.0,3072.0,4496.333333333333,2886.0387502115213,3070.1980359769373
31743171,BOHANAN-BLOCKER 3B,4H,26,27.0,3901.0,2580.0,2775.0,3807.0,2656.0397960476453,2695.9827549590473
31743171,BOHANAN-BLOCKER 3B,4H,27,28.0,4403.0,3901.0,3040.0,3426.1666666666665,3223.014879207006,3067.047104968691
31743171,BOHANAN-BLOCKER 3B,4H,28,29.0,4712.0,4403.0,3628.0,3350.0,3438.877320235516,3178.0496416039914
31743171,BOHANAN-BLOCKER 3B,4H,29,30.0,4438.0,4712.0,4338.666666666667,3556.8333333333335,3615.9773119812453,3259.8562485843167
31743171,BOHANAN-BLOCKER 3B,4H,30,31.0,4479.0,4438.0,4517.666666666667,3778.8333333333335,3474.6095996918325,3394.1109196296065
31743171,BOHANAN-BLOCKER 3B,4H,31,32.0,5093.0,4479.0,4543.0,4085.5,3507.5802677666024,3732.144327768836
31743171,BOHANAN-BLOCKER 3B,4H,32,33.0,4590.0,5093.0,4670.0,4504.333333333333,3863.4101661815357,3814.527056120233
31743549,WELCH-COX E39V,322H,24,25.0,0.0,0.0,2411.6666666666665,4076.1666666666665,1429.0946321996587,3486.0743654378416
31743549,WELCH-COX E39V,322H,25,26.0,4.0,0.0,466.3333333333333,3672.3333333333335,1225.7847668341765,2664.306124782279
31743549,WELCH-COX E39V,322H,26,27.0,5373.0,4.0,1.3333333333333333,2034.8333333333333,832.4849333946868,2563.030472675412
31743549,WELCH-COX E39V,322H,27,28.0,5309.0,5373.0,1792.3333333333333,2102.0,3641.297506367612,3701.7716658806194
31743549,WELCH-COX E39V,322H,28,29.0,0.0,5309.0,3562.0,2014.1666666666667,3605.507117163763,3515.481506520447
31743549,WELCH-COX E39V,322H,29,30.0,0.0,0.0,3560.6666666666665,1781.0,759.6539261407288,3766.3554532058547
31743549,WELCH-COX E39V,322H,30,31.0,0.0,0.0,1769.6666666666667,1781.0,642.8495897564153,3668.441468447146
31743549,WELCH-COX E39V,322H,31,32.0,0.0,0.0,0.0,1781.0,526.8344477079017,3652.3944684471458
31743549,WELCH-COX E39V,322H,32,33.0,0.0,0.0,0.0,1780.3333333333333,476.1520599560181,3652.3944684471458
31743566,WELCH-COX E39A,301H,24,25.0,1535.0,1391.0,1498.3333333333333,1647.0,1651.6019803624497,3403.07554798129
31743566,WELCH-COX E39A,301H,25,26.0,1640.0,1535.0,1505.6666666666667,1580.1666666666667,1662.505172142867,3366.364731616091
31743566,WELCH-COX E39A,301H,26,27.0,1576.0,1640.0,1522.0,1513.1666666666667,1653.5166667661147,3336.1730988477293
31743566,WELCH-COX E39A,301H,27,28.0,1668.0,1576.0,1583.6666666666667,1541.0,1577.6831987218393,3346.8560649494243
31743566,WELCH-COX E39A,301H,28,29.0,1339.0,1668.0,1628.0,1566.8333333333333,1581.5735359888079,3345.2002958174257
31743566,WELCH-COX E39A,301H,29,30.0,1005.0,1339.0,1527.6666666666667,1524.8333333333333,1348.5781022228248,3403.07554798129
31743566,WELCH-COX E39A,301H,30,31.0,0.0,1005.0,1337.3333333333333,1460.5,1105.1963275200903,3453.7469725455608
31743566,WELCH-COX E39A,301H,31,32.0,0.0,0.0,781.3333333333334,1204.6666666666667,462.5794786059955,3561.4077201288046
31743566,WELCH-COX E39A,301H,32,33.0,0.0,0.0,335.0,931.3333333333334,340.8323906710866,3561.4077201288046
31743568,WELCH-COX E39T,320H,24,25.0,5536.0,5429.0,6356.666666666667,6060.666666666667,4782.810595856623,4595.345063092607
31743568,WELCH-COX E39T,320H,25,26.0,4869.0,5536.0,5842.666666666667,6308.833333333333,4818.295046657414,4866.365899063517
31743568,WELCH-COX E39T,320H,26,27.0,4244.0,4869.0,5278.0,5732.666666666667,4286.258699104922,4240.853135822587
31743568,WELCH-COX E39T,320H,27,28.0,3825.0,4244.0,4883.0,5619.833333333333,3874.9439349022778,4225.772417983226
31743568,WELCH-COX E39T,320H,28,29.0,3659.0,3825.0,4312.666666666667,5077.666666666667,3477.8963586401715,4231.911511837685
31743568,WELCH-COX E39T,320H,29,30.0,4051.0,3659.0,3909.3333333333335,4593.666666666667,3229.6488234047947,3695.709460605661
31743568,WELCH-COX E39T,320H,30,31.0,0.0,4051.0,3845.0,4364.0,3333.7181543338074,3658.9970810581167
31743568,WELCH-COX E39T,320H,31,32.0,0.0,0.0,2570.0,3441.3333333333335,954.0957987775487,2680.054931719888
31743568,WELCH-COX E39T,320H,32,33.0,0.0,0.0,1350.3333333333333,2629.8333333333335,696.0677237633558,2564.953389342079
31743755,GLYNN-ATCHISON 44N,214H,24,25.0,6356.0,6317.0,4677.333333333333,5077.333333333333,4986.915662700212,6104.780591798313
31743755,GLYNN-ATCHISON 44N,214H,25,26.0,6228.0,6356.0,4793.666666666667,5254.5,4996.307815897186,6081.244156030864
31743755,GLYNN-ATCHISON 44N,214H,26,27.0,5712.0,6228.0,6300.333333333333,5257.333333333333,4935.793675024825,5829.700723441193
31743755,GLYNN-ATCHISON 44N,214H,27,28.0,5517.0,5712.0,6098.666666666667,5388.0,4636.78086827154,4240.377088169687
31743755,GLYNN-ATCHISON 44N,214H,28,29.0,5292.0,5517.0,5819.0,5306.333333333333,4458.590247075509,4222.56761035788
31743755,GLYNN-ATCHISON 44N,214H,29,30.0,3927.0,5292.0,5507.0,5903.666666666667,4399.5213983574595,4390.74345319351
31743755,GLYNN-ATCHISON 44N,214H,30,31.0,5000.0,3927.0,4912.0,5505.333333333333,3540.5702156357174,4161.41458726694
31743755,GLYNN-ATCHISON 44N,214H,31,32.0,4355.0,5000.0,4739.666666666667,5279.333333333333,3993.948890956968,4085.170317478025
31743755,GLYNN-ATCHISON 44N,214H,32,33.0,4172.0,4355.0,4427.333333333333,4967.166666666667,3535.456500573255,3844.6134893381986
31743757,GLYNN-ATCHISON 44M,213H,24,25.0,4457.0,4681.0,3965.6666666666665,2906.0,3692.520855867828,3184.2391440145298
31743757,GLYNN-ATCHISON 44M,213H,25,26.0,4533.0,4457.0,4886.0,3339.8333333333335,3646.8460790154872,3174.049845580353
31743757,GLYNN-ATCHISON 44M,213H,26,27.0,3716.0,4533.0,4557.0,3775.3333333333335,3710.6052025217477,3383.6374780992983
31743757,GLYNN-ATCHISON 44M,213H,27,28.0,5673.0,3716.0,4235.333333333333,4100.5,3290.2320385943553,3637.653712002486
31743757,GLYNN-ATCHISON 44M,213H,28,29.0,5750.0,5673.0,4640.666666666667,4763.333333333333,4400.481596588549,3801.5927088106796
31743757,GLYNN-ATCHISON 44M,213H,29,30.0,1899.0,5750.0,5046.333333333333,4801.666666666667,4412.473945190381,3890.4596355230246
31743757,GLYNN-ATCHISON 44M,213H,30,31.0,3902.0,1899.0,4440.666666666667,4338.0,2252.9912233835958,3148.6689438622975
31743757,GLYNN-ATCHISON 44M,213H,31,32.0,2728.0,3902.0,3850.3333333333335,4245.5,3199.1010648849606,3488.925294620003
31743757,GLYNN-ATCHISON 44M,213H,32,33.0,3046.0,2728.0,2843.0,3944.6666666666665,2443.2889292294863,2825.509012237514
31743759,GLYNN-ATCHISON 44L,212H,24,25.0,2651.0,2839.0,3040.3333333333335,3086.6666666666665,2740.7857981097663,2680.9322717532964
31743759,GLYNN-ATCHISON 44L,212H,25,26.0,2370.0,2651.0,2854.0,2986.0,2565.870590788766,2348.9658121365696
31743759,GLYNN-ATCHISON 44L,212H,26,27.0,2109.0,2370.0,2620.0,2860.1666666666665,2336.008385553164,2286.273372466219
31743759,GLYNN-ATCHISON 44L,212H,27,28.0,2133.0,2109.0,2376.6666666666665,2708.5,2110.9868610241638,2184.4569274895575
31743759,GLYNN-ATCHISON 44L,212H,28,29.0,2231.0,2133.0,2204.0,2529.0,2030.562596963835,2176.1564306946857
31743759,GLYNN-ATCHISON 44L,212H,29,30.0,2235.0,2231.0,2157.6666666666665,2388.8333333333335,2000.9930705837608,2176.1564306946857
31743759,GLYNN-ATCHISON 44L,212H,30,31.0,2238.0,2235.0,2199.6666666666665,2288.1666666666665,1933.9279974789251,2176.1564306946857
31743759,GLYNN-ATCHISON 44L,212H,31,32.0,2214.0,2238.0,2234.6666666666665,2219.3333333333335,1872.4552393337704,2176.1564306946857
31743759,GLYNN-ATCHISON 44L,212H,32,33.0,2024.0,2214.0,2229.0,2193.3333333333335,1804.069291330632,2176.1564306946857
31743816,SCHARBAUER-DOVE 7D,4H,24,25.0,6225.0,6465.0,8119.333333333333,6466.666666666667,5482.1954268073205,5593.975148252633
31743816,SCHARBAUER-DOVE 7D,4H,25,26.0,5989.0,6225.0,6780.333333333333,6786.333333333333,5321.814746980162,5534.427923886166
31743816,SCHARBAUER-DOVE 7D,4H,26,27.0,6041.0,5989.0,6226.333333333333,7364.5,5244.263759843316,5110.8009625993855
31743816,SCHARBAUER-DOVE 7D,4H,27,28.0,5144.0,6041.0,6085.0,7102.166666666667,5162.922213161588,5194.612633586517
31743816,SCHARBAUER-DOVE 7D,4H,28,29.0,4746.0,5144.0,5724.666666666667,6252.5,4464.648008930693,4768.752280969632
31743816,SCHARBAUER-DOVE 7D,4H,29,30.0,4840.0,4746.0,5310.333333333333,5768.333333333333,4095.847892796123,4134.3146808127585
31743816,SCHARBAUER-DOVE 7D,4H,30,31.0,5336.0,4840.0,4910.0,5497.5,4024.9688813590433,4014.9503548266575
31743816,SCHARBAUER-DOVE 7D,4H,31,32.0,4628.0,5336.0,4974.0,5349.333333333333,4203.935117992009,4023.8931539006708
31743816,SCHARBAUER-DOVE 7D,4H,32,33.0,4492.0,4628.0,4934.666666666667,5122.5,3739.998152365663,3959.018107081611
31743818,SCHARBAUER-DOVE 7F,6H,24,25.0,4402.0,4513.0,5035.666666666667,5408.666666666667,4129.2579958647875,4181.262071033942
31743818,SCHARBAUER-DOVE 7F,6H,25,26.0,4942.0,4402.0,4649.333333333333,5159.166666666667,3957.0314005115106,4218.294211248857
31743818,SCHARBAUER-DOVE 7F,6H,26,27.0,4590.0,4942.0,4619.0,5022.333333333333,4157.555334278265,4122.905153611601
31743818,SCHARBAUER-DOVE 7F,6H,27,28.0,3988.0,4590.0,4644.666666666667,4840.166666666667,3889.269809457004,3891.4955127487583
31743818,SCHARBAUER-DOVE 7F,6H,28,29.0,1026.0,3988.0,4506.666666666667,4578.0,3469.492468150409,3687.4963930124
31743818,SCHARBAUER-DOVE 7F,6H,29,30.0,3904.0,1026.0,3201.3333333333335,3910.1666666666665,1703.5363083966643,3266.0018026844864
31743818,SCHARBAUER-DOVE 7F,6H,30,31.0,5203.0,3904.0,2972.6666666666665,3808.6666666666665,3114.2345806370154,3465.443045590102
31743818,SCHARBAUER-DOVE 7F,6H,31,32.0,4875.0,5203.0,3377.6666666666665,3942.1666666666665,3777.9030741518063,3785.23721126731
31743818,SCHARBAUER-DOVE 7F,6H,32,33.0,4735.0,4875.0,4660.666666666667,3931.0,3602.768607736346,3681.659768790745
31744051,EPLEY-MARTIN 31E,105H,24,25.0,7385.0,7452.0,7720.666666666667,8660.666666666666,6461.924667247355,6607.073419075515
31744051,EPLEY-MARTIN 31E,105H,25,26.0,7504.0,7385.0,7514.666666666667,8057.166666666667,6248.323260608859,6582.661991674683
31744051,EPLEY-MARTIN 31E,105H,26,27.0,6780.0,7504.0,7447.0,7826.833333333333,6210.796846867544,6656.417741127984
31744051,EPLEY-MARTIN 31E,105H,27,28.0,4530.0,6780.0,7223.0,7471.833333333333,5706.102103526364,6465.309895272808
31744051,EPLEY-MARTIN 31E,105H,28,29.0,5655.0,4530.0,6271.333333333333,6893.0,4339.656343702039,4902.12153983585
31744051,EPLEY-MARTIN 31E,105H,29,30.0,4750.0,5655.0,5655.0,6551.0,4780.323152188032,4669.0266689253585
31744051,EPLEY-MARTIN 31E,105H,30,31.0,5562.0,4750.0,4978.333333333333,6100.666666666667,4146.100744103803,4120.85101862084
31744051,EPLEY-MARTIN 31E,105H,31,32.0,5123.0,5562.0,5322.333333333333,5796.833333333333,4467.881684111365,4190.436263079078
31744051,EPLEY-MARTIN 31E,105H,32,33.0,4422.0,5123.0,5145.0,5400.0,4104.095333714472,4132.361046825049
31744052,EPLEY-MARTIN 31F,106H,24,25.0,3792.0,1918.0,3323.3333333333335,3283.0,2335.9717398356106,2610.278568362789
31744052,EPLEY-MARTIN 31F,106H,25,26.0,3489.0,3792.0,3146.0,3163.1666666666665,3225.1046402067664,3087.7235893763263
31744052,EPLEY-MARTIN 31F,106H,26,27.0,2986.0,3489.0,3066.3333333333335,3526.5,3087.4309113615814,3059.102787211498
31744052,EPLEY-MARTIN 31F,106H,27,28.0,2734.0,2986.0,3422.3333333333335,3372.8333333333335,2758.8911072717087,2964.7683594189007
31744052,EPLEY-MARTIN 31F,106H,28,29.0,2709.0,2734.0,3069.6666666666665,3107.8333333333335,2511.809535570931,2503.853480704519
31744052,EPLEY-MARTIN 31F,106H,29,30.0,2297.0,2709.0,2809.6666666666665,2938.0,2404.7199998988713,2374.7588882359
31744052,EPLEY-MARTIN 31F,106H,30,31.0,2357.0,2297.0,2580.0,3001.1666666666665,2145.009886922173,2277.622995912565
31744052,EPLEY-MARTIN 31F,106H,31,32.0,2225.0,2357.0,2454.3333333333335,2762.0,2073.024736160516,2226.220418812553
31744052,EPLEY-MARTIN 31F,106H,32,33.0,1849.0,2225.0,2293.0,2551.3333333333335,1906.0189468888448,2203.7004960131303
31744053,EPLEY-MARTIN 31D,104H,24,25.0,4828.0,2405.0,3720.6666666666665,4700.166666666667,2896.913694771933,3222.9872857299288
31744053,EPLEY-MARTIN 31D,104H,25,26.0,5003.0,4828.0,3992.6666666666665,4463.5,4063.525067827559,3690.4401684512204
31744053,EPLEY-MARTIN 31D,104H,26,27.0,4372.0,5003.0,4078.6666666666665,4369.5,4087.9525828446403,3744.4445605621218
31744053,EPLEY-MARTIN 31D,104H,27,28.0,4369.0,4372.0,4734.333333333333,4227.5,3706.5638204604375,3587.859839564192
31744053,EPLEY-MARTIN 31D,104H,28,29.0,4011.0,4369.0,4581.333333333333,4287.0,3660.705986848153,3587.859839564192
31744053,EPLEY-MARTIN 31D,104H,29,30.0,3709.0,4011.0,4250.666666666667,4164.666666666667,3388.1031402240046,3599.0863344209524
31744053,EPLEY-MARTIN 31D,104H,30,31.0,2991.0,3709.0,4029.6666666666665,4382.0,3216.5080465866395,3530.029082760231
31744053,EPLEY-MARTIN 31D,104H,31,32.0,3413.0,2991.0,3570.3333333333335,4075.8333333333335,2715.9840941126727,3553.7202124592172
31744053,EPLEY-MARTIN 31D,104H,32,33.0,3447.0,3413.0,3371.0,3810.8333333333335,2823.521817691084,3404.7388378709475
31744055,DAVIS-LACY 31K,211H,24,25.0,6558.0,4368.0,3339.3333333333335,3658.3333333333335,3684.759923985178,3198.3878081465145
31744055,DAVIS-LACY 31K,211H,25,26.0,6258.0,6558.0,4169.666666666667,3927.8333333333335,4852.666312110867,6563.982359628749
31744055,DAVIS-LACY 31K,211H,26,27.0,5983.0,6258.0,5728.0,4432.166666666667,4805.351399347142,6292.489628099133
31744055,DAVIS-LACY 31K,211H,27,28.0,6624.0,5983.0,6266.333333333333,4802.833333333333,4706.503159830129,4403.916657163612
31744055,DAVIS-LACY 31K,211H,28,29.0,5098.0,6624.0,6288.333333333333,5229.0,5073.8945328250875,7521.265912168985
31744055,DAVIS-LACY 31K,211H,29,30.0,2646.0,5098.0,5901.666666666667,5814.833333333333,4336.201837578852,4379.789352377068
31744055,DAVIS-LACY 31K,211H,30,31.0,5745.0,2646.0,4789.333333333333,5527.833333333333,2917.6199247433733,3955.6303539102955
31744055,DAVIS-LACY 31K,211H,31,32.0,5530.0,5745.0,4496.333333333333,5392.333333333333,4433.553123180481,4035.9164486000377
31744055,DAVIS-LACY 31K,211H,32,33.0,4809.0,5530.0,4640.333333333333,5271.0,4252.7446646450535,4009.2781901221833
31744056,DAVIS-LACY 31J,210H,24,25.0,1436.0,2090.0,2341.0,2839.6666666666665,2299.981496207636,2205.623412679797
31744056,DAVIS-LACY 31J,210H,25,26.0,1584.0,1436.0,1967.3333333333333,2355.6666666666665,1800.1814091771969,2335.5309768754737
31744056,DAVIS-LACY 31J,210H,26,27.0,1562.0,1584.0,1703.3333333333333,2115.0,1768.3385572952432,2279.34203657865
31744056,DAVIS-LACY 31J,210H,27,28.0,1629.0,1562.0,1527.3333333333333,1934.1666666666667,1663.7088462144368,2263.29503657865
31744056,DAVIS-LACY 31J,210H,28,29.0,2395.0,1629.0,1591.6666666666667,1779.5,1619.2827156832602,3350.3430357019693
31744056,DAVIS-LACY 31J,210H,29,30.0,2279.0,2395.0,1862.0,1782.6666666666667,1975.9455503650388,3295.0538811099395
31744056,DAVIS-LACY 31J,210H,30,31.0,1766.0,2279.0,2101.0,1814.1666666666667,1880.4841377404937,2578.474514498405
31744056,DAVIS-LACY 31J,210H,31,32.0,1924.0,1766.0,2146.6666666666665,1869.1666666666667,1577.0353619514121,2360.717576179813
31744056,DAVIS-LACY 31J,210H,32,33.0,1332.0,1924.0,1989.6666666666667,1925.8333333333333,1613.8164798044054,2197.3229158849254
31744057,DAVIS-LACY 31I,209H,24,25.0,9148.0,10080.0,6836.0,5935.166666666667,7212.647845226124,7689.255218294356
31744057,DAVIS-LACY 31I,209H,25,26.0,8688.0,9148.0,8839.0,6365.5,6839.774798262926,6816.9028452499715
31744057,DAVIS-LACY 31I,209H,26,27.0,7209.0,8688.0,9305.333333333334,7019.666666666667,6699.204551407974,7131.7006510815045
31744057,DAVIS-LACY 31I,209H,27,28.0,5400.0,7209.0,8348.333333333334,7592.166666666667,5962.078693720569,6505.625579960095
31744057,DAVIS-LACY 31I,209H,28,29.0,5623.0,5400.0,7099.0,7969.0,5004.141361627606,4942.350104223233
31744057,DAVIS-LACY 31I,209H,29,30.0,4994.0,5623.0,6077.333333333333,7691.333333333333,4975.696483256557,4854.948234005439
31744057,DAVIS-LACY 31I,209H,30,31.0,4752.0,4994.0,5339.0,6843.666666666667,4402.589311817137,4775.499173816894
31744057,DAVIS-LACY 31I,209H,31,32.0,5412.0,4752.0,5123.0,6111.0,4072.173234588443,4242.415448785199
31744057,DAVIS-LACY 31I,209H,32,33.0,4628.0,5412.0,5052.666666666667,5565.0,4251.481226414193,4110.331056802725
31744058,DAVIS-LACY 31H,208H,24,25.0,2478.0,1267.0,2122.6666666666665,2601.0,1823.5196652979484,2348.4891018754734
31744058,DAVIS-LACY 31H,208H,25,26.0,2156.0,2478.0,2177.6666666666665,2390.1666666666665,2359.788748989369,2209.01743103644
31744058,DAVIS-LACY 31H,208H,26,27.0,1910.0,2156.0,1967.0,2280.6666666666665,2112.830842353431,2197.3229158849254
31744058,DAVIS-LACY 31H,208H,27,28.0,1782.0,1910.0,2181.3333333333335,2152.0,1917.1075665966619,2197.3229158849254
31744058,DAVIS-LACY 31H,208H,28,29.0,1808.0,1782.0,1949.3333333333333,2063.5,1774.0007409834566,2197.3229158849254
31744058,DAVIS-LACY 31H,208H,29,30.0,1782.0,1808.0,1833.3333333333333,1900.1666666666667,1699.9427409905493,2278.368316259008
31744058,DAVIS-LACY 31H,208H,30,31.0,1578.0,1782.0,1790.6666666666667,1986.0,1651.5274287887225,2212.785736397746
31744058,DAVIS-LACY 31H,208H,31,32.0,1587.0,1578.0,1722.6666666666667,1836.0,1462.8359017332627,2660.4936351921306
31744058,DAVIS-LACY 31H,208H,32,33.0,1875.0,1587.0,1649.0,1741.1666666666667,1395.2476361863148,3361.0260018036643
31744059,DAVIS-LACY 31G,207H,24,25.0,402.0,3129.0,3313.3333333333335,3540.3333333333335,3015.054566569121,3070.0089958481526
31744059,DAVIS-LACY 31G,207H,25,26.0,5091.0,402.0,2415.6666666666665,2911.6666666666665,1393.6810985634984,2522.8479018565063
31744059,DAVIS-LACY 31G,207H,26,27.0,4969.0,5091.0,2874.0,3247.5,3854.893356509618,3261.916998759348
31744059,DAVIS-LACY 31G,207H,27,28.0,4338.0,4969.0,3487.3333333333335,3400.3333333333335,3794.4490259148783,3370.7939059101614
31744059,DAVIS-LACY 31G,207H,28,29.0,3667.0,4338.0,4799.333333333333,3607.5,3507.1991903203443,3221.734121925006
31744059,DAVIS-LACY 31G,207H,29,30.0,1540.0,3667.0,4324.666666666667,3599.3333333333335,3090.0628954744693,3158.6626393564534
31744059,DAVIS-LACY 31G,207H,30,31.0,2283.0,1540.0,3181.6666666666665,3334.5,1843.0422452426262,2693.6162349974625
31744059,DAVIS-LACY 31G,207H,31,32.0,3044.0,2283.0,2496.6666666666665,3648.0,2214.545648503382,2327.186926789099
31744059,DAVIS-LACY 31G,207H,32,33.0,3521.0,3044.0,2289.0,3306.8333333333335,2482.0451206440525,2978.05425282987
31744060,EPLEY-MARTIN 31G,107H,24,25.0,3514.0,3326.0,3677.6666666666665,3918.1666666666665,3227.3779106962893,3590.2696919672367
31744060,EPLEY-MARTIN 31G,107H,25,26.0,3005.0,3514.0,3474.0,3745.6666666666665,3232.1143362363637,3539.4842771154117
31744060,EPLEY-MARTIN 31G,107H,26,27.0,3081.0,3005.0,3281.6666666666665,3550.3333333333335,2871.8470380709914,3193.4210569376473
31744060,EPLEY-MARTIN 31G,107H,27,28.0,2743.0,3081.0,3200.0,3438.8333333333335,2835.3158783047493,3233.3290221737952
31744060,EPLEY-MARTIN 31G,107H,28,29.0,2575.0,2743.0,2943.0,3208.5,2554.1848289686436,2621.1777919150236
31744060,EPLEY-MARTIN 31G,107H,29,30.0,2127.0,2575.0,2799.6666666666665,3040.6666666666665,2377.776605109746,2622.3725471774396
31744060,EPLEY-MARTIN 31G,107H,30,31.0,1781.0,2127.0,2481.6666666666665,2840.8333333333335,2043.5413830964612,2511.5780713188283
31744060,EPLEY-MARTIN 31G,107H,31,32.0,2069.0,1781.0,2161.0,2552.0,1744.2089997980552,2476.9038239194556
31744060,EPLEY-MARTIN 31G,107H,32,33.0,2357.0,2069.0,1992.3333333333333,2396.0,1805.3139501716319,2476.9038239194556
31744061,EPLEY-MARTIN 31C,103H,24,25.0,6461.0,3393.0,5747.0,6614.166666666667,3866.327562678394,4953.618361761662
31744061,EPLEY-MARTIN 31C,103H,25,26.0,6555.0,6461.0,5660.0,6574.0,5392.905568531849,5468.285619156742
31744061,EPLEY-MARTIN 31C,103H,26,27.0,5964.0,6555.0,5469.666666666667,6369.5,5343.066706824115,5486.89954632894
31744061,EPLEY-MARTIN 31C,103H,27,28.0,5901.0,5964.0,6326.666666666667,6036.833333333333,4951.687706610449,4525.530254441165
31744061,EPLEY-MARTIN 31C,103H,28,29.0,5034.0,5901.0,6140.0,5900.0,4834.239872404683,4422.763315559668
31744061,EPLEY-MARTIN 31C,103H,29,30.0,4578.0,5034.0,5633.0,5551.333333333333,4246.308361828949,4244.1910904096985
31744061,EPLEY-MARTIN 31C,103H,30,31.0,4077.0,4578.0,5171.0,5748.833333333333,3982.1000001852726,4062.3598591691016
31744061,EPLEY-MARTIN 31C,103H,31,32.0,3553.0,4077.0,4563.0,5351.5,3570.182773959227,3925.5742061288074
31744061,EPLEY-MARTIN 31C,103H,32,33.0,4213.0,3553.0,4069.3333333333335,4851.166666666667,3129.979917560555,3693.429168054847
31744063,EPLEY-MARTIN 31H,108H,24,25.0,5580.0,2886.0,3731.6666666666665,4488.0,3093.3237875583463,3295.3487500735146
31744063,EPLEY-MARTIN 31H,108H,25,26.0,5534.0,5580.0,4470.666666666667,4446.0,4456.462288285213,3796.766055072242
31744063,EPLEY-MARTIN 31H,108H,26,27.0,2897.0,5534.0,4666.666666666667,4508.666666666667,4401.88655084851,3825.29112921619
31744063,EPLEY-MARTIN 31H,108H,27,28.0,2548.0,2897.0,4670.333333333333,4201.0,2924.675311543907,3260.305752024241
31744063,EPLEY-MARTIN 31H,108H,28,29.0,4119.0,2548.0,3659.6666666666665,4065.1666666666665,2628.8754372899416,3305.910638143597
31744063,EPLEY-MARTIN 31H,108H,29,30.0,3734.0,4119.0,3188.0,3927.3333333333335,3346.647790813497,3468.5628980093206
31744063,EPLEY-MARTIN 31H,108H,30,31.0,3093.0,3734.0,3467.0,4068.6666666666665,3135.3726678285166,3672.4774257954077
31744063,EPLEY-MARTIN 31H,108H,31,32.0,2484.0,3093.0,3648.6666666666665,3654.1666666666665,2676.7518097655216,3083.3490531211573
31744063,EPLEY-MARTIN 31H,108H,32,33.0,3128.0,2484.0,3103.6666666666665,3145.8333333333335,2189.042705192668,2555.0045644307274
31744064,EPLEY-MARTIN 31I,109H,24,25.0,6249.0,3252.0,5338.0,6236.166666666667,3691.9963600156807,4518.72709862205
31744064,EPLEY-MARTIN 31I,109H,25,26.0,6160.0,6249.0,5328.666666666667,6051.833333333333,5155.845141707222,5345.704279054494
31744064,EPLEY-MARTIN 31I,109H,26,27.0,5532.0,6160.0,5220.333333333333,5896.166666666667,5024.066224405163,5129.8798340246785
31744064,EPLEY-MARTIN 31I,109H,27,28.0,5665.0,5532.0,5980.333333333333,5659.166666666667,4629.083344083874,4249.490534484683
31744064,EPLEY-MARTIN 31I,109H,28,29.0,4808.0,5665.0,5785.666666666667,5557.166666666667,4619.782966657567,4247.428453782053
31744064,EPLEY-MARTIN 31I,109H,29,30.0,4186.0,4808.0,5335.0,5277.666666666667,4052.9510688590585,4081.852286713059
31744064,EPLEY-MARTIN 31I,109H,30,31.0,3570.0,4186.0,4886.333333333333,5433.333333333333,3694.923800913881,3938.993479477577
31744064,EPLEY-MARTIN 31I,109H,31,32.0,2431.0,3570.0,4188.0,4986.833333333333,3210.2894726992754,3924.909036015565
31744064,EPLEY-MARTIN 31I,109H,32,33.0,2652.0,2431.0,3395.6666666666665,4365.333333333333,2416.3945419172974,3162.2906814727635
31744066,EPLEY-MARTIN 31K,111H,24,25.0,5459.0,2926.0,4860.0,6023.833333333333,3485.313688220451,3885.7931729569864
31744066,EPLEY-MARTIN 31K,111H,25,26.0,5340.0,5459.0,4748.666666666667,5611.5,4659.547845511894,4063.6533402454793
31744066,EPLEY-MARTIN 31K,111H,26,27.0,4800.0,5340.0,4575.0,5324.0,4483.443948354407,4050.606071807876
31744066,EPLEY-MARTIN 31K,111H,27,28.0,4706.0,4800.0,5199.666666666667,5029.833333333333,4117.576942825019,4059.1449914016707
31744066,EPLEY-MARTIN 31K,111H,28,29.0,4421.0,4706.0,4948.666666666667,4848.666666666667,3972.829796140706,3854.29119062188
31744066,EPLEY-MARTIN 31K,111H,29,30.0,3861.0,4421.0,4642.333333333333,4608.666666666667,3715.3791440482514,3728.77292653579
31744066,EPLEY-MARTIN 31K,111H,30,31.0,3190.0,3861.0,4329.333333333333,4764.5,3394.5029829623295,3694.307329941281
31744066,EPLEY-MARTIN 31K,111H,31,32.0,2999.0,3190.0,3824.0,4386.333333333333,2902.2051611340985,3593.9830230934326
31744066,EPLEY-MARTIN 31K,111H,32,33.0,3372.0,2999.0,3350.0,3996.1666666666665,2657.173812337912,3609.3653919858684
31744067,DAVIS-LACY 31F,206H,24,25.0,4420.0,3993.0,3951.0,4129.833333333333,3616.2567955688633,3689.7449651716893
31744067,DAVIS-LACY 31F,206H,25,26.0,4617.0,4420.0,4023.6666666666665,3888.8333333333335,3741.2471294871107,3621.303216196119
31744067,DAVIS-LACY 31F,206H,26,27.0,4566.0,4617.0,4343.333333333333,4043.1666666666665,3835.3935775067503,3834.330423246476
31744067,DAVIS-LACY 31F,206H,27,28.0,3632.0,4566.0,4534.333333333333,4242.666666666667,3805.4209193776283,3666.183477514851
31744067,DAVIS-LACY 31F,206H,28,29.0,3373.0,3632.0,4271.666666666667,4147.666666666667,3242.5924296293433,3617.603446135952
31744067,DAVIS-LACY 31F,206H,29,30.0,4680.0,3373.0,3857.0,4100.166666666667,3033.1090906254344,3773.2131551487346
31744067,DAVIS-LACY 31F,206H,30,31.0,4483.0,4680.0,3895.0,4214.666666666667,3683.5413894494745,3684.013933479176
31744067,DAVIS-LACY 31F,206H,31,32.0,4299.0,4483.0,4178.666666666667,4225.166666666667,3543.595054246355,3645.765842349885
31744067,DAVIS-LACY 31F,206H,32,33.0,4169.0,4299.0,4487.333333333333,4172.166666666667,3398.5993430513645,3681.202985207028
31744068,DAVIS-LACY 31E,205H,24,25.0,1661.0,2883.0,3847.6666666666665,3909.3333333333335,2973.830537088763,3174.6054536862807
31744068,DAVIS-LACY 31E,205H,25,26.0,2637.0,1661.0,3036.6666666666665,3479.8333333333335,2174.6878899765206,2625.1962723360734
31744068,DAVIS-LACY 31E,205H,26,27.0,4493.0,2637.0,2393.6666666666665,3291.8333333333335,2568.0383746552993,2231.4884115465597
31744068,DAVIS-LACY 31E,205H,27,28.0,4077.0,4493.0,2930.3333333333335,3389.0,3517.681435044813,3012.9848506914054
31744068,DAVIS-LACY 31E,205H,28,29.0,3765.0,4077.0,3735.6666666666665,3386.1666666666665,3280.9838497291375,3169.3242724497627
31744068,DAVIS-LACY 31E,205H,29,30.0,3134.0,3765.0,4111.666666666667,3252.6666666666665,3056.1042866904872,3124.282414603428
31744068,DAVIS-LACY 31E,205H,30,31.0,2684.0,3134.0,3658.6666666666665,3294.5,2670.4821925719266,3062.2471273786737
31744068,DAVIS-LACY 31E,205H,31,32.0,2152.0,2684.0,3194.3333333333335,3465.0,2403.89189090849,2580.6415967310922
31744068,DAVIS-LACY 31E,205H,32,33.0,2046.0,2152.0,2656.6666666666665,3384.1666666666665,2041.8501978314532,2338.142759993646
31744069,DAVIS-LACY 31D,204H,24,25.0,1817.0,2977.0,3226.6666666666665,3589.0,2952.79719197798,2928.801757983989
31744069,DAVIS-LACY 31D,204H,25,26.0,2723.0,1817.0,2692.3333333333335,3138.5,2191.7868516706835,2398.434397791226
31744069,DAVIS-LACY 31D,204H,26,27.0,2381.0,2723.0,2505.6666666666665,2957.5,2567.178426088268,2310.9497424174306
31744069,DAVIS-LACY 31D,204H,27,28.0,1912.0,2381.0,2307.0,2766.8333333333335,2294.070662542198,2268.005937920495
31744069,DAVIS-LACY 31D,204H,28,29.0,2261.0,1912.0,2338.6666666666665,2515.5,1951.5948277727143,2266.0830212538285
31744069,DAVIS-LACY 31D,204H,29,30.0,1387.0,2261.0,2184.6666666666665,2345.1666666666665,2041.955887456424,2259.705441125623
31744069,DAVIS-LACY 31D,204H,30,31.0,100.0,1387.0,1853.3333333333333,2080.1666666666665,1473.6382730941657,2397.913502116171
31744069,DAVIS-LACY 31D,204H,31,32.0,41.0,100.0,1249.3333333333333,1794.0,677.1782716974635,3637.9601822237432
31744069,DAVIS-LACY 31D,204H,32,33.0,102.0,41.0,509.3333333333333,1347.0,479.2755937336151,3637.9601822237432
31744070,DAVIS-LACY 31C,203H,24,25.0,2537.0,942.0,1864.6666666666667,2170.8333333333335,1548.7419316770379,2379.694281521044
31744070,DAVIS-LACY 31C,203H,25,26.0,3269.0,2537.0,1896.3333333333333,2106.6666666666665,2312.298471114506,2229.1782396891695
31744070,DAVIS-LACY 31C,203H,26,27.0,2861.0,3269.0,2249.3333333333335,2185.0,2669.455598842536,3091.7176752060927
31744070,DAVIS-LACY 31C,203H,27,28.0,2759.0,2861.0,2889.0,2376.8333333333335,2469.718800326078,2624.8743098610885
31744070,DAVIS-LACY 31C,203H,28,29.0,2335.0,2759.0,2963.0,2429.6666666666665,2379.6698461103915,2478.885958867562
31744070,DAVIS-LACY 31C,203H,29,30.0,2355.0,2335.0,2651.6666666666665,2450.5,2102.2561302950508,2305.55832864685
31744070,DAVIS-LACY 31C,203H,30,31.0,2461.0,2355.0,2483.0,2686.0,2102.939289547926,2225.4890433655983
31744070,DAVIS-LACY 31C,203H,31,32.0,2102.0,2461.0,2383.6666666666665,2673.3333333333335,2101.060236953812,2210.8098079126125
31744070,DAVIS-LACY 31C,203H,32,33.0,1554.0,2102.0,2306.0,2478.8333333333335,1822.860405167823,2197.192376094431
31744071,DAVIS-LACY 31B,202H,24,25.0,3178.0,2842.0,4604.666666666667,5239.5,3266.5506865096254,3783.835447856539
31744071,DAVIS-LACY 31B,202H,25,26.0,5893.0,3178.0,3880.3333333333335,4590.166666666667,3233.247665982744,3550.6581999824502
31744071,DAVIS-LACY 31B,202H,26,27.0,5021.0,5893.0,3971.0,4658.666666666667,4605.38237375745,4033.4408462619626
31744071,DAVIS-LACY 31B,202H,27,28.0,3614.0,5021.0,4697.333333333333,4651.0,4128.712472609081,3828.518169758879
31744071,DAVIS-LACY 31B,202H,28,29.0,3147.0,3614.0,4842.666666666667,4361.5,3297.178956436545,3582.1663032788083
31744071,DAVIS-LACY 31B,202H,29,30.0,2099.0,3147.0,3927.3333333333335,3949.1666666666665,2888.4939679662484,3540.257912007741
31744071,DAVIS-LACY 31B,202H,30,31.0,0.0,2099.0,2953.3333333333335,3825.3333333333335,2234.5613015767212,3031.2631852447084
31744071,DAVIS-LACY 31B,202H,31,32.0,1130.0,0.0,1748.6666666666667,3295.6666666666665,946.769664009943,2704.1280252177053
31744071,DAVIS-LACY 31B,202H,32,33.0,1768.0,1130.0,1076.3333333333333,2501.8333333333335,1297.5537529607434,2548.322484480565
31744072,DAVIS-LACY 31A,201H,24,25.0,5330.0,4557.0,5128.0,5567.833333333333,4216.571718582968,4079.7290674096084
31744072,DAVIS-LACY 31A,201H,25,26.0,4609.0,5330.0,5053.333333333333,5245.833333333333,4499.038764794366,4076.259149188508
31744072,DAVIS-LACY 31A,201H,26,27.0,4475.0,4609.0,4832.0,5157.166666666667,4049.2819922101035,3971.126964216426
31744072,DAVIS-LACY 31A,201H,27,28.0,4348.0,4475.0,4804.666666666667,4966.333333333333,3890.1659961242194,3719.8536019533244
31744072,DAVIS-LACY 31A,201H,28,29.0,4001.0,4348.0,4477.333333333333,4765.333333333333,3721.541956043716,3612.08014142188
31744072,DAVIS-LACY 31A,201H,29,30.0,3824.0,4001.0,4274.666666666667,4553.333333333333,3441.4293643625615,3590.259413046365
31744072,DAVIS-LACY 31A,201H,30,31.0,3769.0,3824.0,4057.6666666666665,4431.166666666667,3266.773097846715,3520.613867335647
31744072,DAVIS-LACY 31A,201H,31,32.0,4024.0,3769.0,3864.6666666666665,4171.0,3128.5570885555776,3530.155633993512
31744072,DAVIS-LACY 31A,201H,32,33.0,3854.0,4024.0,3872.3333333333335,4073.5,3190.8045615595734,3726.81118128998
31744407,DAVIS-LACY 31L,212H,24,25.0,6680.0,6170.0,6701.666666666667,6953.333333333333,5387.07963046122,5444.293984472783
31744407,DAVIS-LACY 31L,212H,25,26.0,5341.0,6680.0,6666.333333333333,6790.166666666667,5566.618240395781,6495.395453676387
31744407,DAVIS-LACY 31L,212H,26,27.0,3632.0,5341.0,6063.666666666667,6453.166666666667,4733.115455265231,4793.963243537605
31744407,DAVIS-LACY 31L,212H,27,28.0,3016.0,3632.0,5217.666666666667,5959.666666666667,3667.741055818732,4295.093648166265
31744407,DAVIS-LACY 31L,212H,28,29.0,4481.0,3016.0,3996.3333333333335,5331.333333333333,3127.379170082192,4194.50497401176
31744407,DAVIS-LACY 31L,212H,29,30.0,1679.0,4481.0,3709.6666666666665,4886.666666666667,3735.7273122596844,3737.4606917064275
31744407,DAVIS-LACY 31L,212H,30,31.0,3831.0,1679.0,3058.6666666666665,4138.166666666667,2060.674063421911,3193.421668361758
31744407,DAVIS-LACY 31L,212H,31,32.0,4404.0,3831.0,3330.3333333333335,3663.3333333333335,3039.3187535089,3139.4380482518554
31744407,DAVIS-LACY 31L,212H,32,33.0,5445.0,4404.0,3304.6666666666665,3507.1666666666665,3253.23218314403,3171.8502208166965
31744782,FORTUNE-ASHLEY 31M,213H,24,25.0,4604.0,4721.0,4177.0,4356.5,4028.060900747534,3612.4450281250242
31744782,FORTUNE-ASHLEY 31M,213H,25,26.0,3229.0,4604.0,4718.666666666667,4183.166666666667,3902.296810051565,3588.232416711981
31744782,FORTUNE-ASHLEY 31M,213H,26,27.0,3907.0,3229.0,4184.666666666667,3890.5,3061.5660365845224,3363.004718115668
31744782,FORTUNE-ASHLEY 31M,213H,27,28.0,4225.0,3907.0,3913.3333333333335,4045.1666666666665,3382.941973253761,3642.650845808123
31744782,FORTUNE-ASHLEY 31M,213H,28,29.0,2716.0,4225.0,3787.0,4252.833333333333,3533.9046752464074,3565.239298725965
31744782,FORTUNE-ASHLEY 31M,213H,29,30.0,4323.0,2716.0,3616.0,3900.3333333333335,2625.256282214731,2998.4101395365137
31744782,FORTUNE-ASHLEY 31M,213H,30,31.0,3734.0,4323.0,3754.6666666666665,3834.0,3398.5503382361007,3478.64003144589
31744782,FORTUNE-ASHLEY 31M,213H,31,32.0,3768.0,3734.0,3591.0,3689.0,3007.995830865384,3327.935897737478
31744782,FORTUNE-ASHLEY 31M,213H,32,33.0,4008.0,3768.0,3941.6666666666665,3778.8333333333335,3005.9951094563908,3341.1412231511217
