api8,lease_name,well_no,model,forecast_cumulative_oil_bbl,historical_cumulative_oil_bbl,eur_style_oil_bbl,first_month_below_threshold,reaches_low_rate_threshold_by_month_120
31743816,SCHARBAUER-DOVE 7D,4H,exponential,316105.44097707357,300628.0,616733.4409770735,,False
31744063,EPLEY-MARTIN 31H,108H,exponential,307179.1915257981,217058.0,524237.1915257981,,False
31744057,DAVIS-LACY 31I,209H,exponential,52900.91682611865,434886.0,487786.91682611866,,False
31744061,EPLEY-MARTIN 31C,103H,exponential,47930.094235753146,420319.0,468249.0942357532,,False
31744407,DAVIS-LACY 31L,212H,exponential,87176.88996141253,376732.0,463908.8899614125,,False
31743818,SCHARBAUER-DOVE 7F,6H,exponential,158569.27187512745,280152.0,438721.27187512745,,False
31744064,EPLEY-MARTIN 31I,109H,exponential,23928.952413060473,400302.0,424230.95241306047,96.0,True
31744068,DAVIS-LACY 31E,205H,exponential,18317.54369200772,353189.0,371506.5436920077,96.0,True
31744072,DAVIS-LACY 31A,201H,exponential,62786.77231963013,301751.0,364537.77231963014,,False
31744066,EPLEY-MARTIN 31K,111H,exponential,19253.10909016809,344225.0,363478.1090901681,90.0,True
31744071,DAVIS-LACY 31B,202H,exponential,65645.27565793382,283432.0,349077.2756579338,,False
31743171,BOHANAN-BLOCKER 3B,4H,exponential,17668.99608900103,326038.0,343706.996089001,90.0,True
31744053,EPLEY-MARTIN 31D,104H,exponential,33391.57881425781,289424.0,322815.5788142578,,False
31744067,DAVIS-LACY 31F,206H,exponential,9607.53337724718,312514.0,322121.53337724716,75.0,True
31743549,WELCH-COX E39V,322H,exponential,8728.09547865282,305865.0,314593.0954786528,75.0,True
31743759,GLYNN-ATCHISON 44L,212H,exponential,92840.65546591945,218605.0,311445.65546591947,,False
31743755,GLYNN-ATCHISON 44N,214H,exponential,13824.924649600593,285178.0,299002.9246496006,83.0,True
31744782,FORTUNE-ASHLEY 31M,213H,exponential,40158.801115120914,249941.0,290099.80111512094,,False
31744055,DAVIS-LACY 31K,211H,exponential,7801.804721354335,262086.0,269887.80472135433,73.0,True
31744059,DAVIS-LACY 31G,207H,exponential,18680.34137016254,250609.0,269289.34137016255,99.0,True
31744060,EPLEY-MARTIN 31G,107H,exponential,41375.868314348314,211245.0,252620.8683143483,,False
31744056,DAVIS-LACY 31J,210H,exponential,7164.695876228596,243014.0,250178.6958762286,74.0,True
31743757,GLYNN-ATCHISON 44M,213H,exponential,79072.795055407,168346.0,247418.79505540698,,False
31744052,EPLEY-MARTIN 31F,106H,exponential,27536.640444349137,216548.0,244084.64044434915,120.0,True
31744070,DAVIS-LACY 31C,203H,exponential,4738.824408390134,238267.0,243005.82440839012,70.0,True
31744058,DAVIS-LACY 31H,208H,exponential,5082.139117045003,145934.0,151016.139117045,69.0,True
31743566,WELCH-COX E39A,301H,exponential,6887.268448820287,132224.0,139111.26844882028,81.0,True
31743568,WELCH-COX E39T,320H,harmonic,494737.61747803184,344557.0,839294.6174780319,,False
31744051,EPLEY-MARTIN 31E,105H,harmonic,461074.5895118022,298635.0,759709.5895118022,,False
31743816,SCHARBAUER-DOVE 7D,4H,harmonic,331007.1120582164,300628.0,631635.1120582165,,False
31744061,EPLEY-MARTIN 31C,103H,harmonic,187572.5649809476,420319.0,607891.5649809476,,False
31744057,DAVIS-LACY 31I,209H,harmonic,172320.39901637228,434886.0,607206.3990163723,,False
31744407,DAVIS-LACY 31L,212H,harmonic,221565.06350167678,376732.0,598297.0635016768,,False
31744064,EPLEY-MARTIN 31I,109H,harmonic,192089.89919906252,400302.0,592391.8991990625,,False
31744063,EPLEY-MARTIN 31H,108H,harmonic,330890.46004384133,217058.0,547948.4600438413,,False
31744066,EPLEY-MARTIN 31K,111H,harmonic,186848.2055775145,344225.0,531073.2055775145,,False
31743818,SCHARBAUER-DOVE 7F,6H,harmonic,242689.49310537768,280152.0,522841.49310537765,,False
31744069,DAVIS-LACY 31D,204H,harmonic,320608.30890175456,179088.0,499696.30890175456,,False
31743171,BOHANAN-BLOCKER 3B,4H,harmonic,164070.53312309505,326038.0,490108.53312309505,,False
31744068,DAVIS-LACY 31E,205H,harmonic,129004.95439364348,353189.0,482193.9543936435,,False
31744067,DAVIS-LACY 31F,206H,harmonic,157913.12016847887,312514.0,470427.12016847887,,False
31744072,DAVIS-LACY 31A,201H,harmonic,161222.75550281728,301751.0,462973.7555028173,,False
31743755,GLYNN-ATCHISON 44N,214H,harmonic,166746.08228164513,285178.0,451924.08228164515,,False
31744071,DAVIS-LACY 31B,202H,harmonic,168159.12341423568,283432.0,451591.12341423566,,False
31743549,WELCH-COX E39V,322H,harmonic,135580.9381879908,305865.0,441445.9381879908,,False
31744053,EPLEY-MARTIN 31D,104H,harmonic,132900.91541013448,289424.0,422324.9154101345,,False
31744055,DAVIS-LACY 31K,211H,harmonic,129850.3328910935,262086.0,391936.3328910935,,False
31744782,FORTUNE-ASHLEY 31M,213H,harmonic,132196.34998304068,249941.0,382137.3499830407,,False
31744059,DAVIS-LACY 31G,207H,harmonic,114681.21479076639,250609.0,365290.21479076636,,False
31744056,DAVIS-LACY 31J,210H,harmonic,102913.4242807739,243014.0,345927.4242807739,,False
31743759,GLYNN-ATCHISON 44L,212H,harmonic,124135.43759768574,218605.0,342740.4375976857,,False
31744060,EPLEY-MARTIN 31G,107H,harmonic,114205.4338007954,211245.0,325450.4338007954,,False
31744052,EPLEY-MARTIN 31F,106H,harmonic,101156.97705285555,216548.0,317704.97705285554,,False
31744070,DAVIS-LACY 31C,203H,harmonic,73206.0849719296,238267.0,311473.0849719296,,False
31743757,GLYNN-ATCHISON 44M,213H,harmonic,90084.81588228601,168346.0,258430.815882286,,False
31744058,DAVIS-LACY 31H,208H,harmonic,93736.19799795898,145934.0,239670.19799795898,,False
31743566,WELCH-COX E39A,301H,harmonic,56414.63404484464,132224.0,188638.63404484466,,False
31743568,WELCH-COX E39T,320H,hyperbolic,495390.7933619761,344557.0,839947.793361976,,False
31744051,EPLEY-MARTIN 31E,105H,hyperbolic,461683.32188211154,298635.0,760318.3218821115,,False
31743816,SCHARBAUER-DOVE 7D,4H,hyperbolic,332597.1064111643,300628.0,633225.1064111643,,False
31744057,DAVIS-LACY 31I,209H,hyperbolic,142091.30457347183,434886.0,576977.3045734719,,False
31744063,EPLEY-MARTIN 31H,108H,hyperbolic,301771.50313028257,217058.0,518829.50313028257,,False
31744069,DAVIS-LACY 31D,204H,hyperbolic,319734.27066530136,179088.0,498822.27066530136,,False
31744407,DAVIS-LACY 31L,212H,hyperbolic,98568.30729982084,376732.0,475300.3072998208,,False
31744061,EPLEY-MARTIN 31C,103H,hyperbolic,52220.57225222755,420319.0,472539.5722522276,,False
31744072,DAVIS-LACY 31A,201H,hyperbolic,167438.7350131838,301751.0,469189.7350131838,,False
31743818,SCHARBAUER-DOVE 7F,6H,hyperbolic,156561.61026160303,280152.0,436713.610261603,,False
31744064,EPLEY-MARTIN 31I,109H,hyperbolic,30402.425448351587,400302.0,430704.4254483516,,False
31744068,DAVIS-LACY 31E,205H,hyperbolic,57407.76080173317,353189.0,410596.7608017332,,False
31744066,EPLEY-MARTIN 31K,111H,hyperbolic,22517.16030362032,344225.0,366742.16030362033,103.0,True
31744071,DAVIS-LACY 31B,202H,hyperbolic,73050.6205181948,283432.0,356482.6205181948,,False
31743759,GLYNN-ATCHISON 44L,212H,hyperbolic,133050.90569143594,218605.0,351655.9056914359,,False
31743171,BOHANAN-BLOCKER 3B,4H,hyperbolic,21494.995986217666,326038.0,347532.9959862177,104.0,True
31744067,DAVIS-LACY 31F,206H,hyperbolic,22002.47539597658,312514.0,334516.47539597657,,False
31744053,EPLEY-MARTIN 31D,104H,hyperbolic,36999.877120979996,289424.0,326423.87712098,,False
31744060,EPLEY-MARTIN 31G,107H,hyperbolic,113817.56440178705,211245.0,325062.56440178707,,False
31743755,GLYNN-ATCHISON 44N,214H,hyperbolic,36144.997943819304,285178.0,321322.9979438193,,False
31743549,WELCH-COX E39V,322H,hyperbolic,10704.636779991259,305865.0,316569.63677999127,86.0,True
31744059,DAVIS-LACY 31G,207H,hyperbolic,59878.87916116787,250609.0,310487.8791611679,,False
31744782,FORTUNE-ASHLEY 31M,213H,hyperbolic,45762.67788276448,249941.0,295703.6778827645,,False
31744055,DAVIS-LACY 31K,211H,hyperbolic,13550.009256832664,262086.0,275636.00925683265,106.0,True
31743757,GLYNN-ATCHISON 44M,213H,hyperbolic,97830.89283692703,168346.0,266176.892836927,,False
31744056,DAVIS-LACY 31J,210H,hyperbolic,9039.638996308307,243014.0,252053.63899630832,84.0,True
31744052,EPLEY-MARTIN 31F,106H,hyperbolic,31367.432803751133,216548.0,247915.43280375114,,False
31744070,DAVIS-LACY 31C,203H,hyperbolic,5965.282319026875,238267.0,244232.28231902688,78.0,True
31744058,DAVIS-LACY 31H,208H,hyperbolic,6149.608385203062,145934.0,152083.60838520306,76.0,True
31743566,WELCH-COX E39A,301H,hyperbolic,8051.097546446005,132224.0,140275.097546446,91.0,True
